catv,grav,secu,Num_Acc,senc,occutc,obs,obsm,choc,manv,place,catu,sexe,trajet,locp,actp,etatp,an_nais,count
1,1,2.0,6054000416513,18.0,0,16.0,66.0,65.0,149.0,26.0,38,34,140.0,6.0,6.0,7.0,59350.0,30
1,1,3.0,35113204631692,176.0,0,57.0,269.0,549.0,876.0,170.0,213,203,538.0,39.0,62.0,21.0,344395.0,174
1,1,11.0,641925887845416,3129.0,0,872.0,5872.0,10374.0,17883.0,3517.0,3365,4220,10847.0,0.0,0.0,0.0,6273748.0,3181
1,1,12.0,7466601349187,41.0,0,38.0,52.0,129.0,184.0,39.0,39,47,115.0,0.0,0.0,0.0,73158.0,37
1,1,13.0,74666011688828,405.0,0,90.0,671.0,1275.0,1971.0,424.0,397,476,1272.0,0.0,0.0,0.0,729121.0,370
1,1,21.0,54687809609019,288.0,0,38.0,500.0,848.0,1569.0,281.0,277,284,1064.0,0.0,0.0,0.0,536651.0,271
1,1,22.0,9484601779843,63.0,0,12.0,69.0,134.0,234.0,48.0,48,55,183.0,0.0,0.0,0.0,93373.0,47
1,1,23.0,20583604260309,111.0,0,11.0,164.0,242.0,520.0,104.0,104,121,240.0,0.0,0.0,0.0,202698.0,102
1,1,31.0,807200154053,7.0,0,0.0,8.0,10.0,6.0,15.0,8,4,20.0,0.0,0.0,0.0,8054.0,4
1,1,41.0,1210800174130,8.0,0,0.0,6.0,24.0,24.0,6.0,6,8,30.0,0.0,0.0,0.0,11871.0,6
1,1,43.0,807200108116,4.0,0,0.0,6.0,13.0,47.0,4.0,4,4,20.0,0.0,0.0,0.0,7929.0,4
1,1,91.0,2825200333923,14.0,0,0.0,24.0,48.0,73.0,13.0,16,18,38.0,2.0,3.0,2.0,27742.0,14
1,1,92.0,3430600549943,19.0,0,2.0,26.0,58.0,116.0,17.0,17,19,41.0,0.0,0.0,0.0,33688.0,17
1,1,93.0,12309802077983,69.0,0,20.0,93.0,138.0,306.0,64.0,64,68,179.0,0.0,0.0,0.0,121010.0,61
1,2,2.0,5045000374475,25.0,0,21.0,37.0,105.0,211.0,25.0,25,30,107.0,0.0,0.0,0.0,49252.0,25
1,2,3.0,1614400210769,10.0,0,14.0,12.0,30.0,65.0,8.0,8,9,35.0,0.0,0.0,0.0,15907.0,8
1,2,21.0,15538601436243,81.0,0,90.0,98.0,223.0,421.0,77.0,77,84,330.0,0.0,0.0,0.0,150797.0,77
1,2,22.0,7668400869349,40.0,0,26.0,53.0,118.0,232.0,38.0,38,43,152.0,0.0,0.0,0.0,74665.0,38
1,2,23.0,2018000198799,9.0,0,1.0,12.0,37.0,9.0,10.0,10,14,34.0,0.0,0.0,0.0,19607.0,10
1,2,41.0,201800016829,2.0,0,0.0,0.0,4.0,0.0,1.0,1,1,5.0,0.0,0.0,0.0,1955.0,1
1,2,42.0,1816200097815,10.0,0,0.0,10.0,23.0,51.0,9.0,9,10,40.0,0.0,0.0,0.0,17749.0,9
1,2,43.0,605400094798,2.0,0,15.0,4.0,5.0,17.0,3.0,3,4,12.0,0.0,0.0,0.0,5840.0,3
1,2,91.0,403600035997,1.0,0,0.0,2.0,5.0,3.0,2.0,2,3,10.0,0.0,0.0,0.0,3987.0,2
1,2,92.0,2219800143228,4.0,0,30.0,11.0,40.0,70.0,11.0,14,12,50.0,2.0,3.0,1.0,21584.0,11
1,2,93.0,1210800228111,4.0,0,0.0,8.0,19.0,40.0,6.0,6,8,24.0,0.0,0.0,0.0,11829.0,6
1,3,2.0,24216001742701,78.0,0,43.0,182.0,378.0,717.0,118.0,130,139,502.0,12.0,7.0,6.0,236234.0,120
1,3,3.0,27041203832524,124.0,0,87.0,243.0,398.0,740.0,118.0,166,173,386.0,43.0,57.0,21.0,264748.0,134
1,3,11.0,1009000091791,5.0,0,1.0,8.0,16.0,27.0,5.0,5,8,16.0,0.0,0.0,0.0,9758.0,5
1,3,21.0,160834615149786,822.0,0,531.0,1474.0,2485.0,3655.0,799.0,799,896,3451.0,0.0,0.0,0.0,1566142.0,797
1,3,22.0,45405005323892,207.0,0,204.0,391.0,767.0,1426.0,225.0,225,276,838.0,0.0,0.0,0.0,445054.0,225
1,3,23.0,26234004327884,124.0,0,75.0,242.0,410.0,801.0,132.0,132,170,406.0,0.0,0.0,0.0,256717.0,130
1,3,41.0,5246800476429,26.0,0,13.0,47.0,94.0,112.0,26.0,26,29,68.0,0.0,0.0,0.0,51236.0,26
1,3,42.0,4641400298587,22.0,0,21.0,46.0,61.0,72.0,23.0,23,26,88.0,0.0,0.0,0.0,45360.0,23
1,3,43.0,2825200386139,10.0,0,14.0,24.0,48.0,81.0,14.0,14,17,73.0,0.0,0.0,0.0,27592.0,14
1,3,91.0,4439600535652,23.0,0,2.0,45.0,76.0,75.0,22.0,22,24,81.0,0.0,0.0,0.0,43459.0,22
1,3,92.0,11099001084002,53.0,0,80.0,86.0,197.0,310.0,56.0,56,64,221.0,0.0,0.0,0.0,108627.0,55
1,3,93.0,14529602297450,77.0,0,40.0,136.0,219.0,488.0,73.0,73,84,237.0,0.0,0.0,0.0,142482.0,72
1,4,2.0,15942201011854,40.0,0,41.0,131.0,197.0,348.0,77.0,89,100,284.0,4.0,10.0,7.0,156317.0,79
1,4,3.0,103119815874952,566.0,0,194.0,803.0,1265.0,2822.0,452.0,726,692,1381.0,321.0,351.0,128.0,1011967.0,511
1,4,11.0,14327801633379,72.0,0,30.0,136.0,227.0,348.0,90.0,81,105,264.0,0.0,0.0,0.0,140000.0,71
1,4,12.0,201800050701,1.0,0,0.0,2.0,3.0,19.0,8.0,2,1,0.0,0.0,0.0,0.0,1931.0,1
1,4,13.0,2018000319837,6.0,0,1.0,20.0,22.0,29.0,14.0,12,14,34.0,0.0,0.0,0.0,19812.0,10
1,4,21.0,296847846695801,1529.0,0,555.0,2730.0,4667.0,6697.0,1490.0,1490,1790,5199.0,0.0,0.0,0.0,2907669.0,1471
1,4,22.0,62154410232702,350.0,0,87.0,560.0,1061.0,2112.0,311.0,311,405,995.0,0.0,0.0,0.0,610312.0,308
1,4,23.0,133188026114593,663.0,0,234.0,1216.0,2113.0,4149.0,674.0,668,834,1960.0,0.0,0.0,0.0,1308229.0,660
1,4,31.0,201800027414,1.0,0,0.0,0.0,1.0,1.0,2.0,2,1,9.0,0.0,0.0,0.0,2016.0,1
1,4,33.0,201800052709,2.0,0,0.0,2.0,0.0,1.0,2.0,2,2,5.0,0.0,0.0,0.0,2014.0,1
1,4,41.0,4641400513200,22.0,0,13.0,40.0,65.0,194.0,23.0,23,28,51.0,0.0,0.0,0.0,45571.0,23
1,4,42.0,4641400639100,19.0,0,1.0,54.0,73.0,152.0,23.0,23,26,81.0,0.0,0.0,0.0,45594.0,23
1,4,43.0,8072001092787,40.0,0,26.0,71.0,114.0,126.0,39.0,42,56,135.0,5.0,1.0,1.0,79038.0,40
1,4,91.0,6861200968152,31.0,0,0.0,52.0,82.0,117.0,33.0,39,47,83.0,7.0,12.0,2.0,67478.0,34
1,4,92.0,9686401429542,53.0,0,21.0,94.0,178.0,355.0,48.0,48,61,190.0,0.0,0.0,0.0,95012.0,48
1,4,93.0,48835608452499,244.0,0,103.0,414.0,778.0,1429.0,239.0,251,303,737.0,10.0,24.0,4.0,479562.0,242
2,1,2.0,3834200176195,15.0,0,4.0,19.0,39.0,80.0,15.0,33,24,81.0,20.0,22.0,9.0,37790.0,19
2,1,3.0,10090000906208,47.0,0,39.0,85.0,85.0,255.0,63.0,60,69,134.0,7.0,2.0,2.0,99058.0,50
2,1,11.0,539613272201637,2734.0,0,536.0,5107.0,6794.0,15358.0,3121.0,2913,3583,9365.0,0.0,0.0,0.0,5282565.0,2674
2,1,12.0,2825200414041,15.0,0,1.0,20.0,27.0,105.0,14.0,14,16,61.0,0.0,0.0,0.0,27655.0,14
2,1,13.0,34911405441187,186.0,0,84.0,320.0,425.0,905.0,186.0,180,215,583.0,0.0,0.0,0.0,342212.0,173
2,1,21.0,85563212875165,447.0,0,221.0,649.0,1186.0,2502.0,502.0,499,464,1694.0,0.0,0.0,0.0,845017.0,424
2,1,22.0,2825200423892,14.0,0,6.0,28.0,43.0,93.0,22.0,21,15,46.0,0.0,0.0,0.0,28000.0,14
2,1,23.0,4439600861049,23.0,0,13.0,35.0,70.0,75.0,29.0,26,24,90.0,0.0,0.0,0.0,43816.0,22
2,1,31.0,3632400450041,23.0,0,1.0,34.0,45.0,99.0,102.0,36,31,88.0,0.0,0.0,0.0,36273.0,18
2,1,41.0,403600094566,3.0,0,0.0,4.0,9.0,4.0,2.0,2,2,10.0,0.0,0.0,0.0,3954.0,2
2,1,91.0,2018000141411,4.0,0,1.0,16.0,17.0,42.0,11.0,11,11,38.0,0.0,0.0,0.0,19855.0,10
2,1,92.0,1210800142461,8.0,0,13.0,12.0,27.0,56.0,6.0,6,7,29.0,0.0,0.0,0.0,11878.0,6
2,1,93.0,2018000303505,9.0,0,0.0,29.0,28.0,56.0,10.0,10,11,35.0,0.0,0.0,0.0,19847.0,10
2,2,2.0,403600027726,4.0,0,0.0,4.0,9.0,15.0,2.0,2,2,5.0,0.0,0.0,0.0,3953.0,2
2,2,3.0,201800056628,1.0,0,4.0,2.0,1.0,18.0,1.0,1,1,0.0,0.0,0.0,0.0,1987.0,1
2,2,21.0,21592602005689,104.0,0,269.0,139.0,210.0,520.0,113.0,113,118,414.0,0.0,0.0,0.0,212575.0,107
2,2,22.0,2219800375907,12.0,0,30.0,18.0,14.0,32.0,12.0,12,11,40.0,0.0,0.0,0.0,21871.0,11
2,2,23.0,201800005861,0.0,0,0.0,0.0,0.0,1.0,1.0,1,2,5.0,0.0,0.0,0.0,1951.0,1
2,2,91.0,201800001379,1.0,0,0.0,2.0,4.0,1.0,1.0,1,1,5.0,0.0,0.0,0.0,1985.0,1
2,3,2.0,8879201111022,32.0,0,36.0,40.0,79.0,206.0,32.0,91,55,176.0,44.0,67.0,35.0,87535.0,44
2,3,3.0,5650400781517,22.0,0,29.0,31.0,56.0,157.0,22.0,52,34,82.0,34.0,31.0,14.0,55542.0,28
2,3,11.0,1009000193428,7.0,0,0.0,10.0,21.0,17.0,9.0,7,8,15.0,0.0,0.0,0.0,9937.0,5
2,3,12.0,201800049214,2.0,0,0.0,2.0,4.0,0.0,2.0,2,1,0.0,0.0,0.0,0.0,2000.0,1
2,3,21.0,304718031389535,1478.0,0,2223.0,2258.0,3732.0,7734.0,1654.0,1653,1697,5458.0,0.0,0.0,0.0,3007049.0,1510
2,3,22.0,8677401089422,35.0,0,138.0,40.0,91.0,205.0,53.0,51,47,181.0,0.0,0.0,0.0,85621.0,43
2,3,23.0,10090001383284,52.0,0,93.0,57.0,95.0,272.0,59.0,59,56,179.0,0.0,0.0,0.0,97633.0,50
2,3,42.0,605400028638,2.0,0,12.0,3.0,3.0,3.0,0.0,9,4,14.0,4.0,12.0,3.0,5920.0,3
2,3,91.0,1009000059261,3.0,0,14.0,2.0,6.0,22.0,6.0,6,7,17.0,0.0,0.0,0.0,10001.0,5
2,3,92.0,201800039638,1.0,0,0.0,1.0,1.0,19.0,1.0,1,1,9.0,0.0,0.0,0.0,2001.0,1
2,3,93.0,1210800126129,9.0,0,16.0,8.0,5.0,30.0,8.0,8,7,20.0,0.0,0.0,0.0,11945.0,6
2,4,2.0,5852200663346,19.0,0,23.0,31.0,61.0,103.0,22.0,64,40,123.0,26.0,45.0,21.0,57760.0,29
2,4,3.0,14731402102827,64.0,0,10.0,91.0,130.0,433.0,29.0,176,106,272.0,140.0,153.0,64.0,145290.0,73
2,4,11.0,20785402525190,109.0,0,0.0,216.0,212.0,592.0,164.0,125,153,402.0,0.0,0.0,0.0,204018.0,103
2,4,13.0,403600054189,2.0,0,0.0,2.0,4.0,1.0,2.0,2,3,10.0,0.0,0.0,0.0,3965.0,2
2,4,21.0,470194073159221,2364.0,0,1447.0,3855.0,6431.0,12829.0,2652.0,2611,2762,7824.0,0.0,0.0,0.0,4640628.0,2330
2,4,22.0,8475601515151,39.0,0,46.0,62.0,133.0,236.0,61.0,52,46,155.0,0.0,0.0,0.0,83710.0,42
2,4,23.0,17960203338394,100.0,0,91.0,147.0,147.0,568.0,107.0,104,105,296.0,0.0,0.0,0.0,176877.0,89
2,4,31.0,403600015664,3.0,0,0.0,4.0,9.0,1.0,8.0,4,3,11.0,0.0,0.0,0.0,4028.0,2
2,4,41.0,403600075946,1.0,0,0.0,3.0,3.0,12.0,2.0,2,2,10.0,0.0,0.0,0.0,3970.0,2
2,4,42.0,201800015336,1.0,0,0.0,1.0,3.0,1.0,0.0,3,2,5.0,1.0,1.0,3.0,1960.0,1
2,4,91.0,1412600213634,5.0,0,0.0,16.0,20.0,45.0,6.0,9,8,24.0,3.0,3.0,2.0,13889.0,7
2,4,92.0,201800042672,1.0,0,0.0,2.0,7.0,19.0,2.0,2,1,5.0,0.0,0.0,0.0,2000.0,1
2,4,93.0,2219800447114,12.0,0,1.0,23.0,28.0,55.0,24.0,15,13,24.0,4.0,3.0,1.0,21920.0,11
3,1,2.0,1009000031992,5.0,0,4.0,6.0,7.0,6.0,9.0,7,6,23.0,0.0,0.0,0.0,9994.0,5
3,1,3.0,2623400182484,8.0,0,25.0,29.0,22.0,126.0,16.0,16,15,52.0,0.0,0.0,0.0,25677.0,13
3,1,11.0,65181408984670,331.0,0,148.0,556.0,918.0,2306.0,407.0,364,428,1054.0,0.0,0.0,0.0,638230.0,323
3,1,12.0,605400139749,2.0,0,0.0,6.0,14.0,19.0,4.0,4,3,13.0,0.0,0.0,0.0,5946.0,3
3,1,13.0,4843200609010,21.0,0,17.0,39.0,81.0,105.0,26.0,26,31,76.0,0.0,0.0,0.0,47382.0,24
3,1,21.0,403600066500,3.0,0,0.0,4.0,5.0,25.0,3.0,3,3,14.0,0.0,0.0,0.0,3949.0,2
3,1,22.0,201800037420,1.0,0,0.0,2.0,3.0,15.0,1.0,1,2,9.0,0.0,0.0,0.0,1964.0,1
3,1,23.0,201800019644,1.0,0,0.0,2.0,2.0,0.0,1.0,1,1,0.0,0.0,0.0,0.0,2001.0,1
3,1,31.0,605400090457,2.0,0,0.0,6.0,4.0,12.0,8.0,6,4,13.0,0.0,0.0,0.0,6045.0,3
3,1,92.0,403600081352,4.0,0,0.0,0.0,18.0,20.0,9.0,4,3,10.0,0.0,0.0,0.0,4001.0,2
3,1,93.0,1009000200836,6.0,0,0.0,11.0,26.0,57.0,5.0,5,5,14.0,0.0,0.0,0.0,9915.0,5
3,2,3.0,403600027520,2.0,0,0.0,4.0,4.0,28.0,2.0,2,2,8.0,0.0,0.0,0.0,3885.0,2
3,2,11.0,4237800448167,26.0,0,45.0,30.0,73.0,157.0,27.0,27,29,82.0,0.0,0.0,0.0,41068.0,21
3,2,12.0,605400039615,3.0,0,14.0,4.0,8.0,30.0,3.0,3,3,15.0,0.0,0.0,0.0,5856.0,3
3,2,13.0,807200148854,4.0,0,0.0,8.0,13.0,43.0,4.0,4,4,0.0,0.0,0.0,0.0,7932.0,4
3,2,21.0,807200028482,6.0,0,0.0,8.0,8.0,60.0,5.0,5,6,6.0,0.0,0.0,0.0,7893.0,4
3,2,93.0,201800032266,2.0,0,0.0,2.0,3.0,16.0,1.0,1,2,0.0,0.0,0.0,0.0,1960.0,1
3,3,2.0,3430600226603,17.0,0,21.0,30.0,40.0,74.0,26.0,33,25,66.0,18.0,16.0,9.0,33418.0,17
3,3,3.0,1412600137767,4.0,0,30.0,5.0,13.0,35.0,4.0,13,12,30.0,13.0,8.0,3.0,13760.0,7
3,3,11.0,16547601514667,94.0,0,118.0,114.0,229.0,444.0,112.0,100,107,317.0,0.0,0.0,0.0,161330.0,82
3,3,12.0,807200098127,5.0,0,15.0,6.0,9.0,15.0,4.0,4,5,15.0,0.0,0.0,0.0,7941.0,4
3,3,13.0,2018000309487,13.0,0,30.0,18.0,21.0,95.0,14.0,13,12,24.0,0.0,0.0,0.0,19682.0,10
3,3,21.0,5246800720670,35.0,0,12.0,62.0,83.0,333.0,27.0,27,28,77.0,0.0,0.0,0.0,51461.0,26
3,3,91.0,403600045148,3.0,0,0.0,4.0,2.0,14.0,3.0,3,3,0.0,0.0,0.0,0.0,3958.0,2
3,3,92.0,201800040676,2.0,0,0.0,0.0,9.0,10.0,3.0,2,1,5.0,0.0,0.0,0.0,1999.0,1
3,3,93.0,807200155944,5.0,0,0.0,8.0,17.0,48.0,4.0,4,6,9.0,0.0,0.0,0.0,7958.0,4
3,4,2.0,1412600141215,6.0,0,23.0,5.0,16.0,16.0,13.0,15,9,20.0,9.0,4.0,4.0,13919.0,7
3,4,3.0,7466601011406,34.0,0,61.0,39.0,73.0,223.0,36.0,93,59,118.0,63.0,76.0,32.0,73280.0,37
3,4,11.0,40158205323635,216.0,0,243.0,294.0,554.0,1202.0,260.0,241,296,626.0,0.0,0.0,0.0,393727.0,199
3,4,12.0,807200128000,5.0,0,13.0,4.0,7.0,4.0,6.0,6,5,10.0,0.0,0.0,0.0,7914.0,4
3,4,13.0,3027000453951,16.0,0,61.0,12.0,56.0,68.0,20.0,18,22,45.0,0.0,0.0,0.0,29764.0,15
3,4,21.0,8072001076538,35.0,0,0.0,78.0,112.0,376.0,41.0,41,44,141.0,0.0,0.0,0.0,79411.0,40
3,4,22.0,403600088405,2.0,0,0.0,2.0,3.0,1.0,2.0,2,2,5.0,0.0,0.0,0.0,3980.0,2
3,4,23.0,1210800203171,6.0,0,1.0,12.0,24.0,55.0,6.0,6,9,16.0,0.0,0.0,0.0,11850.0,6
3,4,31.0,403600082428,3.0,0,0.0,4.0,4.0,16.0,4.0,4,2,10.0,0.0,0.0,0.0,4026.0,2
3,4,91.0,403600071511,2.0,0,0.0,3.0,3.0,3.0,2.0,5,3,1.0,4.0,3.0,0.0,3982.0,2
3,4,92.0,201800040676,2.0,0,0.0,0.0,9.0,10.0,6.0,2,1,5.0,0.0,0.0,0.0,2001.0,1
3,4,93.0,1412600282394,10.0,0,0.0,12.0,17.0,71.0,13.0,8,7,23.0,0.0,0.0,0.0,13868.0,7
7,1,1.0,403600087852,2.0,0,0.0,3.0,6.0,3.0,1.0,4,3,1.0,3.0,3.0,2.0,3960.0,2
7,1,2.0,24216001685176,120.0,0,118.0,175.0,345.0,741.0,111.0,223,151,490.0,123.0,166.0,86.0,237659.0,120
7,1,3.0,268192230657186,1354.0,0,1024.0,2318.0,3724.0,7834.0,2106.0,1741,1688,4457.0,135.0,206.0,98.0,2630591.0,1329
7,1,11.0,12992087703495512,76806.0,0,35160.0,117871.0,203290.0,417573.0,88808.0,74742,83914,224753.0,4.0,3.0,1.0,127327093.0,64381
7,1,12.0,111393617369046,641.0,0,591.0,904.0,1561.0,4837.0,1139.0,696,694,1572.0,0.0,0.0,0.0,1094020.0,552
7,1,13.0,1007991146367085,6033.0,0,4277.0,8695.0,15386.0,37574.0,6911.0,5763,6303,16224.0,0.0,0.0,0.0,9858475.0,4995
7,1,21.0,132582622382158,794.0,0,75.0,1272.0,2347.0,5901.0,803.0,792,741,2545.0,0.0,0.0,0.0,1304261.0,657
7,1,22.0,2018000271965,8.0,0,1.0,25.0,33.0,49.0,19.0,15,11,37.0,0.0,0.0,0.0,19920.0,10
7,1,23.0,6255800909737,30.0,0,0.0,67.0,105.0,266.0,39.0,39,41,63.0,0.0,0.0,0.0,59702.0,31
7,1,31.0,165677819765106,1034.0,0,770.0,1380.0,2490.0,5330.0,4230.0,1642,1217,3696.0,0.0,0.0,0.0,1653760.0,821
7,1,32.0,807200138540,4.0,0,0.0,8.0,9.0,19.0,8.0,8,4,0.0,0.0,0.0,0.0,8064.0,4
7,1,33.0,2623400430410,21.0,0,0.0,22.0,48.0,102.0,39.0,26,18,64.0,0.0,0.0,0.0,26190.0,13
7,1,41.0,3027000183787,18.0,0,21.0,12.0,50.0,244.0,21.0,21,23,24.0,0.0,0.0,0.0,29607.0,15
7,1,42.0,605400057283,5.0,0,1.0,5.0,9.0,17.0,2.0,5,4,18.0,0.0,0.0,0.0,5940.0,3
7,1,43.0,1412600188789,8.0,0,4.0,18.0,13.0,20.0,6.0,9,8,11.0,3.0,3.0,2.0,13855.0,7
7,1,91.0,28453803103005,160.0,0,178.0,258.0,450.0,1015.0,355.0,194,191,497.0,2.0,3.0,2.0,280318.0,141
7,1,92.0,17153002693753,97.0,0,112.0,164.0,254.0,814.0,91.0,90,103,242.0,0.0,0.0,0.0,167863.0,85
7,1,93.0,106146817728062,625.0,0,368.0,1092.0,1741.0,4688.0,709.0,608,680,1303.0,4.0,3.0,2.0,1039038.0,526
7,2,2.0,50651804343257,280.0,0,313.0,319.0,606.0,986.0,144.0,611,333,971.0,340.0,457.0,204.0,493438.0,251
7,2,3.0,47221205349975,259.0,0,338.0,257.0,537.0,1094.0,166.0,518,310,909.0,299.0,455.0,147.0,459773.0,234
7,2,11.0,344069029126803,2298.0,0,3784.0,2415.0,4914.0,10754.0,2611.0,2117,2286,6420.0,0.0,0.0,0.0,3354672.0,1705
7,2,12.0,44597803974318,281.0,0,1104.0,169.0,647.0,1107.0,370.0,273,274,873.0,0.0,0.0,0.0,436729.0,221
7,2,13.0,48028404297379,304.0,0,735.0,280.0,770.0,1591.0,444.0,302,299,954.0,0.0,0.0,0.0,470237.0,238
7,2,21.0,94038809014024,575.0,0,134.0,1080.0,1581.0,3723.0,489.0,489,496,1597.0,0.0,0.0,0.0,921817.0,466
7,2,22.0,5852200904875,36.0,0,0.0,100.0,86.0,157.0,31.0,31,30,109.0,0.0,0.0,0.0,57270.0,29
7,2,23.0,3430600367617,15.0,0,1.0,28.0,55.0,142.0,17.0,17,19,52.0,0.0,0.0,0.0,33592.0,17
7,2,31.0,4843200241957,36.0,0,40.0,34.0,70.0,159.0,137.0,48,33,91.0,0.0,0.0,0.0,48343.0,24
7,2,32.0,605400047918,5.0,0,0.0,4.0,11.0,28.0,13.0,6,6,15.0,0.0,0.0,0.0,6034.0,3
7,2,41.0,1816200204209,14.0,0,15.0,11.0,24.0,56.0,2.0,23,9,23.0,26.0,41.0,12.0,17781.0,9
7,2,42.0,2219800146548,12.0,0,0.0,45.0,18.0,24.0,6.0,21,12,51.0,5.0,6.0,7.0,21827.0,11
7,2,43.0,201800036344,1.0,0,0.0,2.0,2.0,2.0,1.0,1,1,9.0,0.0,0.0,0.0,1937.0,1
7,2,91.0,5045000287301,38.0,0,41.0,27.0,59.0,185.0,23.0,29,34,111.0,0.0,0.0,0.0,49407.0,25
7,2,92.0,2421600114939,15.0,0,41.0,12.0,22.0,86.0,12.0,23,13,63.0,6.0,10.0,5.0,23652.0,12
7,2,93.0,3632400446334,20.0,0,23.0,25.0,50.0,110.0,20.0,34,21,65.0,17.0,6.0,8.0,35607.0,18
7,3,1.0,605400044013,3.0,0,13.0,2.0,14.0,21.0,1.0,7,4,14.0,2.0,3.0,2.0,5885.0,3
7,3,2.0,192113614617008,796.0,0,896.0,1213.0,2308.0,4654.0,446.0,2421,1378,3506.0,1849.0,2318.0,871.0,1874741.0,952
7,3,3.0,298462238175497,1506.0,0,1695.0,1750.0,3527.0,8156.0,1071.0,3502,2101,5006.0,2408.0,2965.0,1101.0,2920961.0,1479
7,3,11.0,2300116615724215,14226.0,0,23772.0,16880.0,31114.0,69845.0,19392.0,14912,16634,42005.0,0.0,0.0,0.0,22502289.0,11398
7,3,12.0,87581208667605,534.0,0,1678.0,405.0,1165.0,2744.0,996.0,593,544,1690.0,0.0,0.0,0.0,860567.0,434
7,3,13.0,221172822465039,1389.0,0,2934.0,1385.0,3256.0,7113.0,1926.0,1430,1457,3855.0,0.0,0.0,0.0,2167870.0,1096
7,3,21.0,971868914572556,5185.0,0,612.0,10159.0,17150.0,46642.0,5222.0,5214,5384,15846.0,0.0,0.0,0.0,9544324.0,4816
7,3,22.0,44597805538432,218.0,0,88.0,688.0,662.0,1670.0,233.0,233,259,820.0,0.0,0.0,0.0,438311.0,221
7,3,23.0,44799607108018,245.0,0,59.0,493.0,711.0,2037.0,242.0,242,268,653.0,0.0,0.0,0.0,440216.0,222
7,3,31.0,39149203473815,281.0,0,265.0,280.0,550.0,1268.0,1108.0,388,272,887.0,0.0,0.0,0.0,390760.0,194
7,3,32.0,807200058428,4.0,0,21.0,4.0,4.0,28.0,23.0,8,5,18.0,0.0,0.0,0.0,8056.0,4
7,3,33.0,1009000023928,5.0,0,0.0,4.0,35.0,39.0,20.0,10,7,10.0,0.0,0.0,0.0,10054.0,5
7,3,41.0,8273800723057,49.0,0,30.0,97.0,109.0,287.0,23.0,80,45,144.0,77.0,126.0,30.0,80969.0,41
7,3,42.0,6457600474142,31.0,0,14.0,102.0,86.0,166.0,17.0,65,40,144.0,39.0,36.0,23.0,63069.0,32
7,3,43.0,3632400477171,11.0,0,0.0,47.0,51.0,98.0,14.0,26,21,74.0,13.0,14.0,4.0,35605.0,18
7,3,91.0,24619602032240,146.0,0,257.0,223.0,331.0,761.0,238.0,186,164,416.0,32.0,51.0,16.0,242227.0,122
7,3,92.0,17960201977621,94.0,0,70.0,221.0,243.0,704.0,84.0,152,118,347.0,70.0,79.0,31.0,175599.0,89
7,3,93.0,42781607138005,268.0,0,249.0,418.0,586.0,1855.0,264.0,307,282,616.0,106.0,121.0,50.0,419583.0,212
7,4,1.0,2018000428082,8.0,0,1.0,10.0,26.0,84.0,0.0,30,13,5.0,33.0,27.0,9.0,19798.0,10
7,4,2.0,122492608868492,486.0,0,587.0,796.0,1458.0,3137.0,313.0,1589,911,2336.0,1251.0,1574.0,650.0,1201504.0,607
7,4,3.0,688541701800366,3400.0,0,2209.0,4268.0,8310.0,20038.0,1896.0,8397,4976,11206.0,6431.0,7424.0,2904.0,6762345.0,3412
7,4,11.0,8461475231225731,50879.0,0,44631.0,72559.0,124385.0,239493.0,67452.0,54953,63059,146643.0,0.0,0.0,0.0,83025070.0,41930
7,4,12.0,93635214692502,528.0,0,1004.0,629.0,1360.0,3083.0,1151.0,686,648,1578.0,0.0,0.0,0.0,921183.0,464
7,4,13.0,556766279143398,3290.0,0,4640.0,4525.0,8252.0,19589.0,4784.0,3669,3975,8791.0,0.0,0.0,0.0,5468831.0,2759
7,4,21.0,1865843119099601,10585.0,0,1091.0,18977.0,34100.0,88783.0,10212.0,10113,10639,28674.0,0.0,0.0,0.0,18338957.0,9246
7,4,22.0,58522009926679,322.0,0,20.0,800.0,917.0,2686.0,311.0,303,372,963.0,0.0,0.0,0.0,575480.0,290
7,4,23.0,135811425118180,683.0,0,86.0,1535.0,2079.0,6484.0,713.0,710,823,1951.0,0.0,0.0,0.0,1335901.0,673
7,4,31.0,172740827846423,1064.0,0,974.0,1519.0,2642.0,4911.0,3456.0,1712,1267,3617.0,0.0,0.0,0.0,1723989.0,856
7,4,32.0,1009000117424,7.0,0,0.0,10.0,15.0,19.0,13.0,9,6,27.0,0.0,0.0,0.0,10055.0,5
7,4,33.0,5045000817251,36.0,0,3.0,50.0,87.0,129.0,78.0,50,29,92.0,0.0,0.0,0.0,50341.0,25
7,4,41.0,9081000702983,47.0,0,20.0,88.0,120.0,310.0,28.0,93,53,165.0,53.0,134.0,43.0,89198.0,45
7,4,42.0,6659400829600,33.0,0,3.0,63.0,63.0,186.0,21.0,57,39,110.0,35.0,32.0,20.0,65535.0,33
7,4,43.0,10291801357690,34.0,0,7.0,102.0,116.0,310.0,33.0,97,75,131.0,52.0,54.0,32.0,100771.0,51
7,4,91.0,34709604234501,167.0,0,144.0,343.0,452.0,1143.0,277.0,290,233,571.0,77.0,138.0,45.0,342017.0,172
7,4,92.0,20987203242837,115.0,0,90.0,261.0,292.0,942.0,113.0,156,143,350.0,56.0,57.0,25.0,205966.0,104
7,4,93.0,105137818259425,581.0,0,447.0,1164.0,1489.0,4124.0,727.0,720,716,1599.0,133.0,134.0,62.0,1033460.0,521
10,1,1.0,201800045302,1.0,0,0.0,2.0,1.0,1.0,1.0,1,1,1.0,0.0,0.0,0.0,1985.0,1
10,1,2.0,3027000187656,17.0,0,92.0,9.0,26.0,56.0,43.0,20,15,57.0,0.0,0.0,0.0,29733.0,15
10,1,3.0,39351005731860,234.0,0,94.0,356.0,518.0,1341.0,276.0,252,239,638.0,36.0,34.0,13.0,386143.0,195
10,1,11.0,1481817650979694,9133.0,0,2693.0,13429.0,22425.0,46910.0,9572.0,8350,8578,25258.0,0.0,0.0,0.0,14523740.0,7343
10,1,12.0,13924202285303,77.0,0,83.0,111.0,215.0,606.0,136.0,87,76,218.0,0.0,0.0,0.0,136731.0,69
10,1,13.0,125116018266275,728.0,0,202.0,1162.0,2295.0,4395.0,1194.0,754,754,1960.0,0.0,0.0,0.0,1223102.0,620
10,1,21.0,11906202384492,66.0,0,1.0,112.0,249.0,572.0,81.0,78,69,193.0,0.0,0.0,0.0,117210.0,59
10,1,22.0,403600079792,1.0,0,0.0,4.0,4.0,16.0,2.0,2,2,10.0,0.0,0.0,0.0,4007.0,2
10,1,23.0,2421600114534,14.0,0,0.0,24.0,41.0,128.0,12.0,12,12,5.0,0.0,0.0,0.0,23767.0,12
10,1,31.0,12511601790028,88.0,0,53.0,111.0,194.0,362.0,284.0,124,92,264.0,0.0,0.0,0.0,124893.0,62
10,1,33.0,605400082274,2.0,0,0.0,6.0,11.0,3.0,13.0,6,3,19.0,0.0,0.0,0.0,6043.0,3
10,1,41.0,605400101695,6.0,0,2.0,1.0,6.0,40.0,2.0,5,3,13.0,6.0,9.0,2.0,5905.0,3
10,1,91.0,2623400357489,14.0,0,2.0,21.0,26.0,116.0,22.0,19,14,48.0,2.0,3.0,2.0,25856.0,13
10,1,92.0,1009000175247,8.0,0,0.0,16.0,17.0,61.0,5.0,5,5,8.0,0.0,0.0,0.0,9932.0,5
10,1,93.0,9282801419962,50.0,0,42.0,93.0,174.0,425.0,50.0,47,50,101.0,0.0,0.0,0.0,90899.0,46
10,2,1.0,201800029131,1.0,0,0.0,1.0,4.0,4.0,0.0,3,2,5.0,8.0,9.0,3.0,1935.0,1
10,2,2.0,6255800419833,38.0,0,37.0,38.0,83.0,192.0,22.0,70,42,122.0,54.0,47.0,29.0,61135.0,31
10,2,3.0,5650400862579,32.0,0,46.0,31.0,65.0,251.0,12.0,60,28,94.0,46.0,62.0,22.0,55202.0,28
10,2,11.0,24417801899824,181.0,0,254.0,179.0,325.0,709.0,150.0,143,158,497.0,0.0,0.0,0.0,238090.0,121
10,2,12.0,4237800482056,26.0,0,51.0,24.0,42.0,81.0,33.0,24,23,69.0,0.0,0.0,0.0,41422.0,21
10,2,13.0,5246800369664,43.0,0,26.0,42.0,66.0,178.0,49.0,32,31,111.0,0.0,0.0,0.0,51401.0,26
10,2,21.0,10493601101782,59.0,0,0.0,103.0,165.0,448.0,53.0,53,56,146.0,0.0,0.0,0.0,102725.0,52
10,2,22.0,807200180310,5.0,0,0.0,15.0,14.0,31.0,4.0,4,4,23.0,0.0,0.0,0.0,7865.0,4
10,2,23.0,201800057474,1.0,0,0.0,2.0,2.0,15.0,2.0,2,1,0.0,0.0,0.0,0.0,1993.0,1
10,2,31.0,201800021922,2.0,0,0.0,2.0,1.0,21.0,9.0,2,2,5.0,0.0,0.0,0.0,2012.0,1
10,2,32.0,201800056336,1.0,0,0.0,2.0,1.0,13.0,7.0,2,1,5.0,0.0,0.0,0.0,2014.0,1
10,2,41.0,201800045357,2.0,0,1.0,1.0,2.0,21.0,0.0,3,1,4.0,6.0,9.0,3.0,1988.0,1
10,2,91.0,201800032765,1.0,0,0.0,9.0,2.0,2.0,1.0,1,1,5.0,0.0,0.0,0.0,2002.0,1
10,2,92.0,403600031605,2.0,0,0.0,6.0,2.0,20.0,1.0,4,2,14.0,3.0,3.0,1.0,3918.0,2
10,2,93.0,807200164517,6.0,0,14.0,6.0,22.0,15.0,10.0,6,6,13.0,0.0,0.0,0.0,7931.0,4
10,3,1.0,201800057376,1.0,0,0.0,1.0,2.0,1.0,0.0,3,1,0.0,2.0,3.0,1.0,2002.0,1
10,3,2.0,13520601018426,50.0,0,82.0,82.0,178.0,322.0,59.0,164,94,251.0,116.0,140.0,51.0,131801.0,67
10,3,3.0,43185206407368,212.0,0,141.0,253.0,551.0,1312.0,72.0,545,298,757.0,428.0,541.0,186.0,421687.0,214
10,3,11.0,171933617926991,1131.0,0,1079.0,1333.0,2306.0,5151.0,1371.0,1095,1162,2996.0,0.0,0.0,0.0,1679865.0,852
10,3,12.0,10291800952527,54.0,0,163.0,65.0,167.0,448.0,94.0,73,66,193.0,0.0,0.0,0.0,101003.0,51
10,3,13.0,21189002349888,143.0,0,260.0,140.0,273.0,864.0,145.0,127,126,368.0,0.0,0.0,0.0,207571.0,105
10,3,21.0,99689213438730,564.0,0,58.0,1058.0,2004.0,4573.0,521.0,521,538,1564.0,0.0,0.0,0.0,978848.0,494
10,3,22.0,2623400340003,13.0,0,0.0,43.0,20.0,63.0,14.0,14,16,35.0,0.0,0.0,0.0,25679.0,13
10,3,23.0,5045000811801,29.0,0,1.0,57.0,72.0,247.0,26.0,26,28,64.0,0.0,0.0,0.0,47632.0,25
10,3,31.0,4036000397603,30.0,0,4.0,32.0,45.0,169.0,133.0,40,25,102.0,0.0,0.0,0.0,40265.0,20
10,3,32.0,201800022993,1.0,0,1.0,0.0,1.0,1.0,3.0,2,1,0.0,0.0,0.0,0.0,2012.0,1
10,3,41.0,403600063126,4.0,0,1.0,2.0,2.0,15.0,0.0,6,2,9.0,6.0,18.0,3.0,3964.0,2
10,3,42.0,605400035265,2.0,0,0.0,3.0,9.0,3.0,0.0,9,3,14.0,3.0,10.0,3.0,5929.0,3
10,3,91.0,3228800374294,19.0,0,29.0,36.0,39.0,63.0,21.0,23,20,48.0,14.0,16.0,3.0,31558.0,16
10,3,92.0,605400058873,2.0,0,0.0,5.0,9.0,20.0,10.0,6,3,12.0,5.0,4.0,1.0,5928.0,3
10,3,93.0,5448600914239,30.0,0,34.0,52.0,83.0,171.0,38.0,44,36,100.0,18.0,13.0,9.0,53221.0,27
10,4,1.0,403600088668,4.0,0,0.0,2.0,2.0,2.0,0.0,6,2,4.0,2.0,10.0,2.0,3924.0,2
10,4,2.0,9282800728121,36.0,0,70.0,58.0,121.0,256.0,50.0,112,66,207.0,92.0,95.0,38.0,91039.0,46
10,4,3.0,90810015936631,475.0,0,214.0,557.0,1105.0,3147.0,191.0,1147,655,1430.0,894.0,1091.0,399.0,890030.0,450
10,4,11.0,878031945022346,5461.0,0,3679.0,7790.0,11927.0,23775.0,6769.0,5601,6156,14653.0,0.0,0.0,0.0,8613218.0,4351
10,4,12.0,7466601043705,44.0,0,89.0,46.0,93.0,277.0,84.0,51,45,115.0,0.0,0.0,0.0,73310.0,37
10,4,13.0,51257208412970,321.0,0,330.0,453.0,787.0,1831.0,507.0,361,343,899.0,0.0,0.0,0.0,502958.0,254
10,4,21.0,239738445383093,1389.0,0,89.0,2451.0,4532.0,11464.0,1288.0,1286,1359,3428.0,0.0,0.0,0.0,2355061.0,1188
10,4,22.0,6255801070787,33.0,0,0.0,84.0,112.0,267.0,35.0,34,38,116.0,0.0,0.0,0.0,61362.0,31
10,4,23.0,17960203812963,97.0,0,15.0,168.0,327.0,1063.0,92.0,92,107,244.0,0.0,0.0,0.0,175912.0,89
10,4,31.0,12713402277497,86.0,0,31.0,120.0,159.0,389.0,220.0,126,92,244.0,0.0,0.0,0.0,126918.0,63
10,4,33.0,201800040043,1.0,0,0.0,2.0,2.0,15.0,2.0,2,1,9.0,0.0,0.0,0.0,2014.0,1
10,4,41.0,807200122357,4.0,0,1.0,4.0,10.0,49.0,6.0,7,7,12.0,1.0,9.0,2.0,7960.0,4
10,4,42.0,1009000149549,3.0,0,2.0,6.0,10.0,17.0,1.0,13,6,18.0,18.0,15.0,10.0,9988.0,5
10,4,43.0,1614400192775,9.0,0,0.0,14.0,15.0,66.0,6.0,12,9,30.0,7.0,10.0,4.0,15836.0,8
10,4,91.0,2219800310719,13.0,0,1.0,18.0,27.0,122.0,16.0,21,14,29.0,12.0,12.0,5.0,21917.0,11
10,4,92.0,2018000376462,14.0,0,14.0,25.0,29.0,58.0,25.0,16,14,36.0,0.0,0.0,0.0,19872.0,10
10,4,93.0,9081001682772,46.0,0,13.0,113.0,128.0,338.0,65.0,61,62,125.0,15.0,15.0,7.0,89253.0,45
13,1,2.0,201800000211,0.0,0,0.0,0.0,5.0,24.0,1.0,1,1,4.0,0.0,0.0,0.0,1974.0,1
13,1,3.0,3027000222076,14.0,0,4.0,22.0,38.0,162.0,41.0,21,17,49.0,0.0,0.0,0.0,29752.0,15
13,1,11.0,89599212530215,518.0,0,147.0,822.0,1353.0,2741.0,546.0,489,491,1549.0,0.0,0.0,0.0,878386.0,444
13,1,12.0,2219800344630,14.0,0,0.0,22.0,31.0,75.0,15.0,14,12,19.0,0.0,0.0,0.0,21806.0,11
13,1,13.0,7063001235945,35.0,0,15.0,57.0,107.0,261.0,37.0,36,38,128.0,0.0,0.0,0.0,69414.0,35
13,1,22.0,201800010529,0.0,0,0.0,9.0,5.0,1.0,1.0,1,1,2.0,0.0,0.0,0.0,2003.0,1
13,1,31.0,1210800141480,6.0,0,6.0,8.0,28.0,30.0,27.0,12,9,0.0,0.0,0.0,0.0,12066.0,6
13,1,91.0,201800038281,2.0,0,0.0,1.0,4.0,4.0,1.0,1,1,4.0,0.0,0.0,0.0,1978.0,1
13,1,93.0,1614400334593,9.0,0,0.0,15.0,8.0,124.0,9.0,9,9,11.0,0.0,0.0,0.0,15780.0,8
13,2,2.0,605400046868,2.0,0,0.0,3.0,4.0,17.0,0.0,9,4,12.0,9.0,13.0,3.0,5896.0,3
13,2,3.0,807200114715,5.0,0,0.0,6.0,11.0,36.0,2.0,8,5,10.0,6.0,4.0,2.0,7891.0,4
13,2,11.0,3430600278825,27.0,0,13.0,37.0,37.0,62.0,18.0,18,21,57.0,0.0,0.0,0.0,33544.0,17
13,2,13.0,403600012810,4.0,0,0.0,4.0,2.0,26.0,3.0,3,4,2.0,0.0,0.0,0.0,3945.0,2
13,2,21.0,201800017544,1.0,0,0.0,0.0,3.0,1.0,1.0,1,2,1.0,0.0,0.0,0.0,1980.0,1
13,3,2.0,807200023989,3.0,0,10.0,5.0,13.0,55.0,1.0,10,4,17.0,11.0,10.0,3.0,7807.0,4
13,3,3.0,1412600165857,9.0,0,0.0,6.0,24.0,43.0,1.0,19,11,42.0,8.0,12.0,7.0,13752.0,7
13,3,11.0,16345801736782,88.0,0,54.0,130.0,273.0,527.0,123.0,101,118,249.0,0.0,0.0,0.0,159667.0,81
13,3,12.0,605400116355,4.0,0,0.0,6.0,7.0,16.0,6.0,4,6,2.0,0.0,0.0,0.0,5973.0,3
13,3,13.0,1412600134208,12.0,0,0.0,14.0,15.0,74.0,21.0,9,10,20.0,0.0,0.0,0.0,13815.0,7
13,3,21.0,5045000597700,22.0,0,0.0,54.0,104.0,252.0,27.0,27,27,78.0,0.0,0.0,0.0,49565.0,25
13,3,22.0,1009000156504,6.0,0,0.0,24.0,12.0,14.0,5.0,5,5,14.0,0.0,0.0,0.0,9923.0,5
13,3,23.0,201800040106,2.0,0,0.0,2.0,3.0,15.0,1.0,1,1,9.0,0.0,0.0,0.0,1986.0,1
13,3,41.0,403600008468,0.0,0,0.0,10.0,10.0,16.0,1.0,4,2,10.0,6.0,1.0,1.0,3944.0,2
13,3,42.0,201800001064,1.0,0,0.0,9.0,2.0,2.0,1.0,1,2,5.0,0.0,0.0,0.0,1991.0,1
13,3,92.0,201800010529,0.0,0,0.0,9.0,5.0,1.0,2.0,2,1,2.0,0.0,0.0,0.0,2003.0,1
13,4,2.0,201800011040,1.0,0,0.0,1.0,0.0,2.0,0.0,3,1,9.0,6.0,1.0,1.0,1993.0,1
13,4,3.0,3834200461491,19.0,0,2.0,24.0,50.0,140.0,10.0,40,27,64.0,20.0,30.0,9.0,37530.0,19
13,4,11.0,50450007927881,274.0,0,231.0,454.0,705.0,1560.0,403.0,317,341,879.0,0.0,0.0,0.0,494789.0,250
13,4,12.0,1412600224941,10.0,0,10.0,9.0,22.0,54.0,10.0,9,9,21.0,0.0,0.0,0.0,13778.0,7
13,4,13.0,2623400343344,7.0,0,41.0,17.0,32.0,69.0,15.0,15,18,50.0,0.0,0.0,0.0,25637.0,13
13,4,21.0,10291801764708,59.0,0,6.0,90.0,186.0,441.0,53.0,53,60,158.0,0.0,0.0,0.0,100915.0,51
13,4,22.0,605400166723,1.0,0,0.0,20.0,6.0,19.0,4.0,4,4,5.0,0.0,0.0,0.0,5979.0,3
13,4,23.0,403600104358,3.0,0,0.0,4.0,3.0,31.0,2.0,2,4,10.0,0.0,0.0,0.0,3943.0,2
13,4,31.0,201800042085,1.0,0,0.0,2.0,2.0,17.0,5.0,2,2,9.0,0.0,0.0,0.0,2013.0,1
13,4,42.0,201800001131,2.0,0,0.0,1.0,3.0,0.0,0.0,3,1,2.0,3.0,3.0,1.0,1997.0,1
13,4,43.0,201800033548,0.0,0,0.0,2.0,7.0,16.0,1.0,1,1,2.0,0.0,0.0,0.0,2014.0,1
13,4,91.0,403600083498,2.0,0,16.0,2.0,5.0,24.0,0.0,6,2,9.0,7.0,7.0,2.0,3912.0,2
13,4,92.0,201800048071,2.0,0,0.0,2.0,2.0,19.0,1.0,1,1,0.0,0.0,0.0,0.0,1997.0,1
13,4,93.0,1412600271208,8.0,0,0.0,18.0,19.0,71.0,10.0,9,10,34.0,0.0,0.0,0.0,13864.0,7
14,1,2.0,807200050916,4.0,0,16.0,1.0,22.0,61.0,4.0,7,5,19.0,3.0,3.0,2.0,7965.0,4
14,1,3.0,3632400307195,18.0,0,1.0,32.0,81.0,89.0,35.0,23,20,56.0,0.0,0.0,0.0,35561.0,18
14,1,11.0,161036424747070,1026.0,0,220.0,1463.0,2278.0,4599.0,887.0,856,872,2935.0,0.0,0.0,0.0,1576196.0,798
14,1,12.0,1412600184825,8.0,0,3.0,17.0,27.0,61.0,15.0,8,7,27.0,0.0,0.0,0.0,13845.0,7
14,1,13.0,17960202241808,120.0,0,64.0,151.0,306.0,734.0,163.0,107,100,359.0,0.0,0.0,0.0,176162.0,89
14,1,21.0,1210800161374,5.0,0,0.0,10.0,17.0,75.0,8.0,8,7,27.0,0.0,0.0,0.0,11889.0,6
14,1,31.0,605400070315,4.0,0,0.0,4.0,15.0,25.0,15.0,6,5,15.0,0.0,0.0,0.0,6040.0,3
14,1,91.0,201800038372,2.0,0,0.0,1.0,1.0,1.0,1.0,1,1,4.0,0.0,0.0,0.0,1969.0,1
14,1,93.0,1009000070765,5.0,0,1.0,4.0,13.0,35.0,5.0,5,5,12.0,0.0,0.0,0.0,9883.0,5
14,2,2.0,1614400115111,8.0,0,1.0,9.0,23.0,30.0,2.0,20,12,33.0,16.0,25.0,6.0,15628.0,8
14,2,3.0,2018000250858,13.0,0,0.0,13.0,37.0,57.0,3.0,24,14,46.0,13.0,25.0,10.0,19726.0,10
14,2,11.0,9484600739431,66.0,0,28.0,78.0,107.0,139.0,65.0,55,59,170.0,0.0,0.0,0.0,92670.0,47
14,2,12.0,807200068310,5.0,0,35.0,2.0,11.0,30.0,8.0,6,4,16.0,0.0,0.0,0.0,7881.0,4
14,2,13.0,1210800113497,10.0,0,6.0,10.0,19.0,34.0,6.0,6,7,31.0,0.0,0.0,0.0,11856.0,6
14,2,21.0,5045000510343,32.0,0,0.0,67.0,91.0,225.0,27.0,26,28,72.0,0.0,0.0,0.0,49372.0,25
14,2,22.0,605400141965,1.0,0,0.0,13.0,16.0,33.0,3.0,3,5,6.0,0.0,0.0,0.0,5926.0,3
14,2,23.0,201800023937,1.0,0,0.0,2.0,7.0,16.0,1.0,1,1,4.0,0.0,0.0,0.0,1946.0,1
14,2,31.0,403600044422,2.0,0,0.0,4.0,4.0,28.0,6.0,4,3,7.0,0.0,0.0,0.0,4028.0,2
14,2,92.0,201800026741,1.0,0,0.0,2.0,7.0,16.0,1.0,1,1,0.0,0.0,0.0,0.0,1981.0,1
14,2,93.0,403600069228,3.0,0,6.0,3.0,2.0,24.0,1.0,4,2,4.0,5.0,0.0,1.0,3957.0,2
14,3,2.0,2623400183842,17.0,0,45.0,8.0,40.0,48.0,30.0,26,16,58.0,10.0,18.0,7.0,25622.0,13
14,3,3.0,4439600590752,25.0,0,10.0,26.0,71.0,175.0,19.0,53,30,76.0,53.0,43.0,17.0,43306.0,22
14,3,11.0,27041203164259,194.0,0,249.0,188.0,404.0,566.0,196.0,165,176,466.0,0.0,0.0,0.0,264029.0,134
14,3,12.0,3027000660946,28.0,0,169.0,0.0,23.0,55.0,61.0,27,17,57.0,0.0,0.0,0.0,29695.0,15
14,3,13.0,2421600231963,15.0,0,8.0,22.0,44.0,48.0,17.0,16,15,30.0,0.0,0.0,0.0,23724.0,12
14,3,21.0,11704401331031,55.0,0,1.0,128.0,202.0,416.0,63.0,62,62,197.0,0.0,0.0,0.0,114752.0,58
14,3,22.0,605400104173,4.0,0,0.0,6.0,14.0,32.0,3.0,3,5,9.0,0.0,0.0,0.0,5927.0,3
14,3,23.0,605400081393,5.0,0,0.0,6.0,10.0,44.0,4.0,4,5,0.0,0.0,0.0,0.0,5929.0,3
14,3,31.0,403600006893,4.0,0,0.0,2.0,7.0,10.0,11.0,4,3,8.0,0.0,0.0,0.0,4034.0,2
14,3,42.0,201800022714,1.0,0,0.0,2.0,2.0,1.0,1.0,1,1,1.0,0.0,0.0,0.0,2001.0,1
14,3,93.0,605400072039,4.0,0,0.0,4.0,18.0,26.0,3.0,3,4,14.0,0.0,0.0,0.0,5910.0,3
14,4,2.0,1412600056711,5.0,0,76.0,10.0,34.0,20.0,22.0,10,8,29.0,0.0,0.0,0.0,13818.0,7
14,4,3.0,4843200731419,27.0,0,2.0,32.0,76.0,101.0,12.0,54,38,86.0,39.0,41.0,14.0,47434.0,24
14,4,11.0,86572213846284,545.0,0,402.0,762.0,1134.0,2317.0,575.0,515,582,1545.0,0.0,0.0,0.0,848005.0,429
14,4,12.0,1412600124122,5.0,0,11.0,10.0,20.0,38.0,28.0,10,8,22.0,0.0,0.0,0.0,13944.0,7
14,4,13.0,6054000898719,42.0,0,38.0,44.0,78.0,209.0,47.0,39,40,113.0,0.0,0.0,0.0,59538.0,30
14,4,21.0,16547602878351,97.0,0,29.0,149.0,313.0,782.0,91.0,90,91,239.0,0.0,0.0,0.0,162412.0,82
14,4,22.0,605400107939,4.0,0,0.0,13.0,9.0,34.0,3.0,3,3,11.0,0.0,0.0,0.0,5903.0,3
14,4,23.0,1412600201614,13.0,0,1.0,13.0,13.0,74.0,7.0,7,8,6.0,0.0,0.0,0.0,13888.0,7
14,4,31.0,403600094996,4.0,0,0.0,4.0,3.0,14.0,6.0,4,2,10.0,0.0,0.0,0.0,4027.0,2
14,4,33.0,201800038544,1.0,0,0.0,2.0,2.0,21.0,3.0,2,1,0.0,0.0,0.0,0.0,2017.0,1
14,4,41.0,605400142037,4.0,0,1.0,4.0,8.0,4.0,9.0,5,4,12.0,0.0,0.0,0.0,5938.0,3
14,4,43.0,403600103700,1.0,0,0.0,4.0,12.0,46.0,6.0,4,2,8.0,0.0,0.0,0.0,3955.0,2
14,4,91.0,1412600155233,10.0,0,2.0,19.0,32.0,66.0,9.0,12,9,24.0,8.0,9.0,1.0,13749.0,7
14,4,92.0,201800051134,2.0,0,1.0,2.0,6.0,1.0,2.0,2,2,3.0,0.0,0.0,0.0,1958.0,1
14,4,93.0,807200093492,5.0,0,1.0,3.0,7.0,26.0,4.0,7,5,15.0,0.0,9.0,1.0,7878.0,4
15,1,2.0,807200043261,5.0,0,0.0,6.0,20.0,80.0,4.0,4,4,16.0,0.0,0.0,0.0,7873.0,4
15,1,3.0,14126001405029,76.0,0,18.0,141.0,152.0,113.0,152.0,98,90,178.0,0.0,0.0,0.0,138043.0,70
15,1,11.0,230253830147631,1585.0,0,439.0,1981.0,3652.0,5816.0,1376.0,1235,1241,4313.0,0.0,0.0,0.0,2254153.0,1141
15,1,12.0,3430600307586,24.0,0,14.0,30.0,51.0,224.0,29.0,22,21,64.0,0.0,0.0,0.0,33399.0,17
15,1,13.0,18767401646824,130.0,0,33.0,156.0,300.0,447.0,241.0,123,114,314.0,0.0,0.0,0.0,184399.0,93
15,1,21.0,807200062043,7.0,0,0.0,8.0,9.0,16.0,4.0,4,4,16.0,0.0,0.0,0.0,7940.0,4
15,1,31.0,1009000102909,4.0,0,0.0,9.0,14.0,30.0,26.0,10,7,18.0,0.0,0.0,0.0,10079.0,5
15,1,91.0,605400034637,5.0,0,0.0,4.0,14.0,28.0,10.0,4,4,17.0,0.0,0.0,0.0,5908.0,3
15,1,92.0,201800040607,1.0,0,0.0,2.0,1.0,2.0,1.0,1,1,4.0,0.0,0.0,0.0,1981.0,1
15,1,93.0,605400067637,4.0,0,0.0,5.0,9.0,67.0,3.0,3,3,8.0,0.0,0.0,0.0,5910.0,3
15,2,2.0,2219800167778,13.0,0,4.0,15.0,39.0,37.0,4.0,25,14,48.0,14.0,23.0,8.0,21510.0,11
15,2,3.0,2623400158122,18.0,0,0.0,24.0,29.0,39.0,11.0,20,21,43.0,5.0,6.0,2.0,25655.0,13
15,2,11.0,20180001607940,151.0,0,89.0,171.0,237.0,382.0,134.0,119,119,367.0,0.0,0.0,0.0,196985.0,100
15,2,12.0,807200057882,6.0,0,1.0,4.0,16.0,28.0,7.0,5,4,17.0,0.0,0.0,0.0,7837.0,4
15,2,13.0,3228800233947,25.0,0,9.0,30.0,49.0,52.0,16.0,16,17,58.0,0.0,0.0,0.0,31544.0,16
15,2,21.0,4237800448703,34.0,0,17.0,41.0,83.0,96.0,21.0,21,23,70.0,0.0,0.0,0.0,41435.0,21
15,2,22.0,403600061697,3.0,0,0.0,11.0,4.0,16.0,2.0,2,3,8.0,0.0,0.0,0.0,3941.0,2
15,2,23.0,403600071399,2.0,0,0.0,4.0,3.0,1.0,2.0,2,3,1.0,0.0,0.0,0.0,3905.0,2
15,2,41.0,201800006653,2.0,0,0.0,1.0,1.0,1.0,0.0,3,1,0.0,1.0,0.0,1.0,1996.0,1
15,2,42.0,201800003533,1.0,0,0.0,2.0,3.0,1.0,1.0,1,1,5.0,0.0,0.0,0.0,1950.0,1
15,2,92.0,201800001460,2.0,0,0.0,1.0,3.0,1.0,0.0,3,2,5.0,2.0,3.0,1.0,1961.0,1
15,2,93.0,201800003406,1.0,0,0.0,0.0,6.0,2.0,2.0,2,2,5.0,0.0,0.0,0.0,1996.0,1
15,3,2.0,2219800109566,10.0,0,13.0,20.0,35.0,82.0,5.0,26,16,23.0,22.0,16.0,8.0,21668.0,11
15,3,3.0,4036000430764,22.0,0,23.0,30.0,45.0,95.0,15.0,33,23,60.0,12.0,18.0,6.0,39332.0,20
15,3,11.0,52669804956458,351.0,0,336.0,393.0,875.0,1319.0,358.0,308,340,946.0,0.0,0.0,0.0,515830.0,261
15,3,12.0,2825200189538,23.0,0,28.0,10.0,36.0,119.0,22.0,17,15,52.0,0.0,0.0,0.0,27654.0,14
15,3,13.0,5246800437552,42.0,0,64.0,34.0,100.0,120.0,36.0,33,32,96.0,0.0,0.0,0.0,51433.0,26
15,3,21.0,9282800986579,43.0,0,16.0,70.0,160.0,423.0,51.0,51,52,135.0,0.0,0.0,0.0,91058.0,46
15,3,22.0,807200133200,5.0,0,0.0,22.0,11.0,26.0,4.0,4,6,9.0,0.0,0.0,0.0,7880.0,4
15,3,31.0,403600020488,3.0,0,0.0,4.0,7.0,3.0,11.0,4,2,10.0,0.0,0.0,0.0,4028.0,2
15,3,32.0,201800022993,1.0,0,0.0,2.0,4.0,23.0,3.0,2,1,0.0,0.0,0.0,0.0,2012.0,1
15,3,43.0,201800008793,0.0,0,0.0,2.0,7.0,9.0,1.0,1,1,9.0,0.0,0.0,0.0,1963.0,1
15,3,93.0,1009000071875,7.0,0,5.0,20.0,16.0,21.0,5.0,5,5,25.0,0.0,0.0,0.0,9878.0,5
15,4,2.0,1210800094447,5.0,0,0.0,17.0,20.0,30.0,11.0,12,8,26.0,4.0,6.0,2.0,11795.0,6
15,4,3.0,4237800523794,27.0,0,8.0,27.0,50.0,121.0,18.0,42,34,90.0,25.0,33.0,10.0,41425.0,21
15,4,11.0,124308818670506,851.0,0,307.0,1085.0,1888.0,3432.0,896.0,762,850,2338.0,0.0,0.0,0.0,1217177.0,616
15,4,12.0,7264801048131,68.0,0,0.0,15.0,112.0,85.0,238.0,68,42,57.0,0.0,0.0,0.0,71063.0,36
15,4,13.0,9484601185145,67.0,0,19.0,75.0,143.0,265.0,114.0,66,68,115.0,0.0,0.0,0.0,92981.0,47
15,4,21.0,10291801757227,63.0,0,17.0,92.0,199.0,397.0,57.0,57,57,181.0,0.0,0.0,0.0,100679.0,51
15,4,23.0,605400130309,4.0,0,0.0,9.0,14.0,35.0,3.0,3,4,6.0,0.0,0.0,0.0,5968.0,3
15,4,31.0,1614400194992,12.0,0,0.0,16.0,18.0,55.0,50.0,16,12,32.0,0.0,0.0,0.0,16115.0,8
15,4,33.0,201800052709,2.0,0,0.0,2.0,7.0,17.0,2.0,2,2,5.0,0.0,0.0,0.0,2014.0,1
15,4,41.0,201800019399,1.0,0,0.0,1.0,3.0,5.0,0.0,3,1,0.0,1.0,9.0,3.0,1972.0,1
15,4,91.0,403600043185,1.0,0,0.0,4.0,1.0,3.0,10.0,3,3,5.0,0.0,0.0,0.0,3999.0,2
15,4,93.0,605400087024,3.0,0,2.0,0.0,8.0,6.0,15.0,5,4,5.0,0.0,0.0,0.0,5940.0,3
16,1,2.0,403600014300,0.0,0,0.0,0.0,12.0,16.0,2.0,2,2,8.0,0.0,0.0,0.0,3939.0,2
16,1,3.0,403600086286,2.0,0,0.0,4.0,7.0,2.0,2.0,2,3,5.0,0.0,0.0,0.0,3943.0,2
16,1,11.0,13722401992917,80.0,0,0.0,105.0,174.0,326.0,77.0,71,72,238.0,0.0,0.0,0.0,134468.0,68
16,1,12.0,201800054261,1.0,0,0.0,2.0,3.0,22.0,1.0,1,1,4.0,0.0,0.0,0.0,1960.0,1
16,1,21.0,403600077671,4.0,0,0.0,4.0,2.0,33.0,2.0,2,2,10.0,0.0,0.0,0.0,3969.0,2
16,1,41.0,201800018491,1.0,0,0.0,0.0,2.0,15.0,1.0,1,1,4.0,0.0,0.0,0.0,1976.0,1
16,1,91.0,201800018584,0.0,0,0.0,2.0,3.0,15.0,1.0,1,1,4.0,0.0,0.0,0.0,1996.0,1
16,2,11.0,605400040634,5.0,0,0.0,4.0,7.0,25.0,4.0,4,4,6.0,0.0,0.0,0.0,5934.0,3
16,2,21.0,403600077492,1.0,0,0.0,4.0,5.0,17.0,2.0,2,3,6.0,0.0,0.0,0.0,3960.0,2
16,3,2.0,605400025816,2.0,0,13.0,2.0,8.0,17.0,9.0,4,3,9.0,0.0,0.0,0.0,5924.0,3
16,3,3.0,201800006455,0.0,0,0.0,1.0,4.0,19.0,0.0,3,2,5.0,5.0,3.0,2.0,1950.0,1
16,3,11.0,1816200178973,13.0,0,0.0,10.0,24.0,65.0,12.0,12,10,23.0,0.0,0.0,0.0,17803.0,9
16,3,12.0,605400051114,3.0,0,13.0,4.0,9.0,39.0,3.0,3,3,3.0,0.0,0.0,0.0,5871.0,3
16,3,13.0,201800006557,1.0,0,0.0,2.0,6.0,2.0,8.0,2,2,5.0,0.0,0.0,0.0,1995.0,1
16,3,21.0,807200069006,1.0,0,0.0,4.0,14.0,46.0,5.0,5,4,11.0,0.0,0.0,0.0,7936.0,4
16,4,2.0,201800006455,0.0,0,0.0,1.0,4.0,19.0,0.0,3,2,5.0,5.0,3.0,2.0,2017.0,1
16,4,3.0,403600064893,0.0,0,0.0,2.0,5.0,5.0,0.0,6,3,5.0,3.0,9.0,2.0,3917.0,2
16,4,11.0,7870201314912,55.0,0,0.0,74.0,76.0,198.0,51.0,50,57,134.0,0.0,0.0,0.0,77094.0,39
16,4,12.0,403600057569,3.0,0,0.0,4.0,6.0,23.0,2.0,2,2,5.0,0.0,0.0,0.0,3979.0,2
16,4,21.0,605400139072,4.0,0,0.0,6.0,16.0,16.0,3.0,3,3,3.0,0.0,0.0,0.0,5946.0,3
17,1,2.0,807200045653,4.0,0,16.0,4.0,17.0,51.0,4.0,4,4,16.0,0.0,0.0,0.0,7913.0,4
17,1,3.0,7870200719038,53.0,0,19.0,64.0,139.0,155.0,49.0,46,40,171.0,6.0,9.0,2.0,77079.0,39
17,1,11.0,225410633325798,1689.0,0,396.0,1766.0,3803.0,5721.0,1323.0,1218,1224,4281.0,0.0,0.0,0.0,2206859.0,1117
17,1,12.0,3430600246148,22.0,0,14.0,29.0,71.0,93.0,50.0,25,17,72.0,0.0,0.0,0.0,33830.0,17
17,1,13.0,13722401062373,95.0,0,63.0,101.0,262.0,417.0,97.0,79,76,278.0,0.0,0.0,0.0,134237.0,68
17,1,21.0,807200160063,4.0,0,16.0,6.0,14.0,49.0,5.0,5,6,20.0,0.0,0.0,0.0,7911.0,4
17,1,23.0,201800041469,1.0,0,0.0,6.0,1.0,0.0,1.0,1,1,1.0,0.0,0.0,0.0,1992.0,1
17,1,31.0,1816200120401,9.0,0,0.0,12.0,41.0,23.0,59.0,18,15,49.0,0.0,0.0,0.0,18145.0,9
17,1,41.0,201800002152,2.0,0,0.0,0.0,3.0,23.0,1.0,1,1,4.0,0.0,0.0,0.0,1970.0,1
17,1,91.0,1009000053628,5.0,0,15.0,4.0,20.0,28.0,7.0,6,6,21.0,0.0,0.0,0.0,9905.0,5
17,1,92.0,403600042201,3.0,0,0.0,2.0,10.0,48.0,2.0,2,2,5.0,0.0,0.0,0.0,3936.0,2
17,1,93.0,807200091755,5.0,0,0.0,4.0,2.0,49.0,5.0,5,6,17.0,0.0,0.0,0.0,7886.0,4
17,2,2.0,2623400118199,18.0,0,18.0,17.0,30.0,52.0,8.0,29,17,45.0,17.0,19.0,9.0,25624.0,13
17,2,3.0,2421600346245,17.0,0,4.0,9.0,30.0,84.0,20.0,30,17,46.0,26.0,33.0,9.0,23647.0,12
17,2,11.0,19171001908568,141.0,0,103.0,144.0,234.0,387.0,132.0,112,131,350.0,0.0,0.0,0.0,187255.0,95
17,2,12.0,2219800315625,14.0,0,16.0,14.0,22.0,109.0,25.0,16,14,37.0,0.0,0.0,0.0,21835.0,11
17,2,13.0,3430600267520,26.0,0,54.0,24.0,41.0,88.0,22.0,21,21,77.0,0.0,0.0,0.0,33723.0,17
17,2,21.0,1816200274532,11.0,0,0.0,16.0,43.0,53.0,9.0,9,11,21.0,0.0,0.0,0.0,17812.0,9
17,2,22.0,201800018851,2.0,0,0.0,2.0,2.0,2.0,1.0,1,2,1.0,0.0,0.0,0.0,1998.0,1
17,2,23.0,403600048950,3.0,0,0.0,2.0,4.0,5.0,3.0,3,4,5.0,0.0,0.0,0.0,3936.0,2
17,2,31.0,201800016470,2.0,0,0.0,2.0,1.0,1.0,4.0,2,2,5.0,0.0,0.0,0.0,2014.0,1
17,2,91.0,403600033021,2.0,0,0.0,3.0,5.0,2.0,1.0,4,3,14.0,1.0,3.0,2.0,3885.0,2
17,2,93.0,605400066289,6.0,0,1.0,13.0,3.0,3.0,5.0,5,3,14.0,0.0,0.0,0.0,5942.0,3
17,3,2.0,1614400055386,10.0,0,16.0,17.0,34.0,76.0,3.0,18,12,35.0,21.0,14.0,6.0,15662.0,8
17,3,3.0,4843200499566,33.0,0,45.0,25.0,73.0,81.0,42.0,38,30,86.0,23.0,14.0,9.0,47453.0,24
17,3,11.0,57109404974178,416.0,0,261.0,373.0,1031.0,1192.0,432.0,353,354,1035.0,0.0,0.0,0.0,559058.0,283
17,3,12.0,2219800111247,16.0,0,6.0,10.0,46.0,39.0,29.0,17,13,50.0,0.0,0.0,0.0,21772.0,11
17,3,13.0,5246800309459,39.0,0,36.0,27.0,93.0,158.0,41.0,34,30,110.0,0.0,0.0,0.0,51379.0,26
17,3,21.0,8677401280275,52.0,0,0.0,84.0,197.0,302.0,46.0,46,45,126.0,0.0,0.0,0.0,85037.0,43
17,3,23.0,605400065750,5.0,0,0.0,6.0,9.0,21.0,3.0,3,4,6.0,0.0,0.0,0.0,5915.0,3
17,3,31.0,807200079444,7.0,0,3.0,6.0,4.0,5.0,15.0,8,5,18.0,0.0,0.0,0.0,8060.0,4
17,3,41.0,403600014302,2.0,0,0.0,3.0,1.0,2.0,0.0,6,2,8.0,6.0,18.0,4.0,3952.0,2
17,3,91.0,201800056826,1.0,0,0.0,2.0,0.0,1.0,1.0,1,2,5.0,0.0,0.0,0.0,1978.0,1
17,3,93.0,201800029356,2.0,0,0.0,2.0,1.0,1.0,4.0,2,2,5.0,0.0,0.0,0.0,1983.0,1
17,4,2.0,1009000056011,7.0,0,0.0,8.0,12.0,22.0,3.0,9,8,14.0,5.0,6.0,3.0,9809.0,5
17,4,3.0,3430600249611,22.0,0,16.0,20.0,63.0,55.0,44.0,27,22,71.0,3.0,12.0,5.0,33727.0,17
17,4,11.0,129555620363771,907.0,0,481.0,1046.0,2137.0,3896.0,1091.0,828,870,2406.0,0.0,0.0,0.0,1270144.0,642
17,4,12.0,1412600097410,9.0,0,15.0,14.0,32.0,23.0,35.0,11,7,32.0,0.0,0.0,0.0,13946.0,7
17,4,13.0,6457600494691,43.0,0,7.0,48.0,115.0,221.0,40.0,37,39,112.0,0.0,0.0,0.0,63376.0,32
17,4,21.0,6861201403266,48.0,0,17.0,60.0,164.0,217.0,35.0,35,38,68.0,0.0,0.0,0.0,67422.0,34
17,4,23.0,201800028883,1.0,0,0.0,2.0,7.0,16.0,1.0,1,1,1.0,0.0,0.0,0.0,1971.0,1
17,4,31.0,1614400284093,16.0,0,5.0,8.0,19.0,31.0,43.0,16,13,43.0,0.0,0.0,0.0,16107.0,8
17,4,91.0,201800007268,1.0,0,0.0,0.0,4.0,2.0,1.0,1,1,5.0,0.0,0.0,0.0,1933.0,1
17,4,93.0,201800048152,2.0,0,0.0,0.0,0.0,1.0,1.0,1,1,9.0,0.0,0.0,0.0,1986.0,1
20,1,2.0,3430600126034,13.0,0,52.0,6.0,7.0,186.0,71.0,31,23,82.0,0.0,0.0,0.0,33839.0,17
20,1,3.0,807200095269,3.0,0,0.0,11.0,21.0,17.0,4.0,4,4,16.0,0.0,0.0,0.0,7920.0,4
20,1,11.0,30471804466820,167.0,0,124.0,253.0,479.0,962.0,183.0,171,175,555.0,0.0,0.0,0.0,298541.0,151
20,1,12.0,807200091166,3.0,0,0.0,2.0,18.0,63.0,4.0,4,4,16.0,0.0,0.0,0.0,7865.0,4
20,1,13.0,1412600186811,4.0,0,23.0,16.0,13.0,50.0,7.0,7,8,23.0,0.0,0.0,0.0,11875.0,7
20,1,21.0,201800018807,2.0,0,0.0,0.0,4.0,15.0,1.0,1,1,5.0,0.0,0.0,0.0,1954.0,1
20,1,23.0,201800038582,1.0,0,0.0,1.0,3.0,10.0,1.0,1,1,5.0,0.0,0.0,0.0,1993.0,1
20,1,41.0,201800033957,1.0,0,0.0,1.0,7.0,1.0,1.0,1,1,9.0,0.0,0.0,0.0,1970.0,1
20,1,43.0,201800056583,1.0,0,3.0,2.0,4.0,2.0,1.0,1,1,1.0,0.0,0.0,0.0,1996.0,1
20,1,91.0,403600030284,3.0,0,0.0,4.0,6.0,6.0,2.0,2,2,8.0,0.0,0.0,0.0,3936.0,2
20,1,92.0,201800032716,1.0,0,0.0,2.0,1.0,9.0,1.0,1,1,4.0,0.0,0.0,0.0,1976.0,1
20,1,93.0,403600079540,0.0,0,0.0,4.0,3.0,13.0,2.0,2,2,0.0,0.0,0.0,0.0,3950.0,2
20,2,2.0,201800012196,2.0,0,13.0,0.0,0.0,15.0,1.0,1,1,5.0,0.0,0.0,0.0,1973.0,1
20,2,3.0,605400127493,1.0,0,6.0,1.0,4.0,14.0,2.0,5,4,9.0,3.0,3.0,1.0,5915.0,3
20,2,11.0,403600050639,3.0,0,0.0,4.0,4.0,2.0,2.0,2,3,10.0,0.0,0.0,0.0,3893.0,2
20,2,12.0,807200081088,8.0,0,17.0,0.0,16.0,4.0,5.0,5,4,14.0,0.0,0.0,0.0,7892.0,4
20,2,13.0,201800017292,1.0,0,0.0,2.0,2.0,1.0,2.0,2,1,4.0,0.0,0.0,0.0,1974.0,1
20,2,21.0,1210800135188,5.0,0,0.0,21.0,26.0,24.0,6.0,6,6,21.0,0.0,0.0,0.0,11842.0,6
20,2,91.0,201800029683,2.0,0,0.0,1.0,1.0,1.0,0.0,3,1,0.0,3.0,3.0,1.0,1969.0,1
20,3,2.0,807200092581,4.0,0,0.0,6.0,19.0,21.0,2.0,8,6,23.0,1.0,4.0,2.0,7932.0,4
20,3,3.0,2623400357960,6.0,0,1.0,17.0,31.0,175.0,25.0,34,19,42.0,19.0,35.0,12.0,25690.0,13
20,3,11.0,4036000466730,23.0,0,28.0,26.0,58.0,133.0,26.0,26,28,62.0,0.0,0.0,0.0,39404.0,20
20,3,12.0,403600064208,2.0,0,0.0,4.0,16.0,18.0,3.0,3,2,8.0,0.0,0.0,0.0,3960.0,2
20,3,13.0,403600044188,1.0,0,0.0,6.0,4.0,2.0,2.0,2,3,4.0,0.0,0.0,0.0,3965.0,2
20,3,21.0,3027000312572,12.0,0,4.0,20.0,51.0,120.0,17.0,17,17,52.0,0.0,0.0,0.0,29717.0,15
20,3,31.0,201800003200,2.0,0,0.0,0.0,6.0,2.0,9.0,2,2,2.0,0.0,0.0,0.0,2016.0,1
20,3,41.0,201800010698,0.0,0,0.0,9.0,7.0,23.0,1.0,1,1,5.0,0.0,0.0,0.0,1960.0,1
20,3,91.0,201800029682,1.0,0,0.0,2.0,1.0,0.0,1.0,1,1,0.0,0.0,0.0,0.0,1993.0,1
20,3,93.0,201800019447,2.0,0,13.0,0.0,5.0,15.0,1.0,1,1,4.0,0.0,0.0,0.0,1961.0,1
20,4,2.0,1412600098621,1.0,0,0.0,6.0,18.0,56.0,22.0,12,10,33.0,0.0,0.0,0.0,13930.0,7
20,4,3.0,4439600630993,17.0,0,27.0,32.0,58.0,182.0,14.0,52,26,75.0,45.0,64.0,22.0,43631.0,22
20,4,11.0,17153002765079,86.0,0,137.0,129.0,249.0,597.0,127.0,110,108,234.0,0.0,0.0,0.0,168432.0,85
20,4,12.0,403600071382,3.0,0,0.0,4.0,9.0,11.0,7.0,4,3,4.0,0.0,0.0,0.0,3942.0,2
20,4,13.0,1614400364320,8.0,0,32.0,12.0,30.0,34.0,14.0,11,9,28.0,0.0,0.0,0.0,15904.0,8
20,4,21.0,3228800380647,21.0,0,0.0,39.0,51.0,125.0,17.0,17,17,41.0,0.0,0.0,0.0,31628.0,16
20,4,23.0,403600043241,1.0,0,0.0,2.0,3.0,0.0,2.0,2,3,0.0,0.0,0.0,0.0,3945.0,2
20,4,31.0,403600048159,2.0,0,3.0,2.0,4.0,32.0,4.0,4,3,9.0,0.0,0.0,0.0,4035.0,2
20,4,41.0,201800031147,2.0,0,0.0,0.0,5.0,15.0,3.0,2,1,4.0,0.0,0.0,0.0,1968.0,1
20,4,93.0,1412600241133,6.0,0,13.0,12.0,19.0,69.0,8.0,8,7,19.0,0.0,0.0,0.0,13839.0,7
21,1,2.0,7264800422767,33.0,0,20.0,54.0,122.0,255.0,36.0,36,36,160.0,0.0,0.0,0.0,71077.0,36
21,1,3.0,2825200204480,8.0,0,0.0,29.0,48.0,122.0,14.0,14,14,50.0,0.0,0.0,0.0,27578.0,14
21,1,11.0,15135001213656,90.0,0,20.0,96.0,275.0,574.0,109.0,90,84,292.0,0.0,0.0,0.0,148442.0,75
21,1,12.0,5045000329107,29.0,0,1.0,37.0,87.0,190.0,28.0,27,28,104.0,0.0,0.0,0.0,49504.0,25
21,1,13.0,3228800317022,14.0,0,0.0,29.0,60.0,134.0,16.0,16,19,48.0,0.0,0.0,0.0,31602.0,16
21,1,21.0,201800017832,2.0,0,0.0,2.0,6.0,15.0,2.0,2,2,5.0,0.0,0.0,0.0,1961.0,1
21,1,22.0,201800011768,1.0,0,0.0,2.0,7.0,17.0,1.0,1,1,5.0,0.0,0.0,0.0,1973.0,1
21,1,42.0,403600024112,3.0,0,0.0,4.0,10.0,10.0,2.0,2,2,8.0,0.0,0.0,0.0,3964.0,2
21,1,91.0,2219800198370,7.0,0,0.0,17.0,44.0,83.0,11.0,11,11,41.0,0.0,0.0,0.0,21720.0,11
21,1,92.0,6255800424721,29.0,0,0.0,65.0,146.0,273.0,32.0,32,31,139.0,0.0,0.0,0.0,61353.0,31
21,1,93.0,2219800164437,9.0,0,0.0,23.0,54.0,113.0,11.0,11,11,43.0,0.0,0.0,0.0,21675.0,11
21,2,2.0,2623400166072,7.0,0,20.0,5.0,42.0,35.0,17.0,20,15,76.0,7.0,8.0,2.0,25614.0,13
21,2,3.0,201800021643,2.0,0,0.0,2.0,6.0,1.0,1.0,1,1,5.0,0.0,0.0,0.0,2002.0,1
21,2,11.0,807200049462,4.0,0,6.0,8.0,6.0,16.0,5.0,5,6,6.0,0.0,0.0,0.0,7826.0,4
21,2,12.0,1210800073817,8.0,0,21.0,4.0,18.0,31.0,9.0,7,6,32.0,0.0,0.0,0.0,11842.0,6
21,2,21.0,3632400227565,14.0,0,0.0,34.0,89.0,154.0,18.0,18,20,52.0,0.0,0.0,0.0,35614.0,18
21,2,22.0,201800018448,2.0,0,0.0,2.0,8.0,1.0,1.0,1,1,5.0,0.0,0.0,0.0,1946.0,1
21,2,91.0,201800002994,1.0,0,0.0,0.0,7.0,15.0,1.0,1,1,4.0,0.0,0.0,0.0,1951.0,1
21,2,92.0,201800000587,0.0,0,0.0,0.0,9.0,13.0,1.0,1,1,4.0,0.0,0.0,0.0,1968.0,1
21,3,2.0,2018000170179,6.0,0,19.0,23.0,29.0,43.0,13.0,14,11,53.0,3.0,5.0,1.0,19766.0,10
21,3,3.0,605400048854,3.0,0,0.0,11.0,12.0,30.0,4.0,4,4,14.0,0.0,0.0,0.0,5951.0,3
21,3,11.0,10090000696066,53.0,0,12.0,76.0,165.0,356.0,86.0,63,73,199.0,0.0,0.0,0.0,98555.0,50
21,3,12.0,2018000176672,14.0,0,36.0,8.0,28.0,64.0,16.0,12,11,47.0,0.0,0.0,0.0,19778.0,10
21,3,13.0,1614400220145,7.0,0,24.0,10.0,26.0,49.0,9.0,9,11,18.0,0.0,0.0,0.0,15764.0,8
21,3,21.0,13117000873207,64.0,0,0.0,130.0,299.0,644.0,72.0,72,70,255.0,0.0,0.0,0.0,128635.0,65
21,3,22.0,201800011516,0.0,0,0.0,2.0,3.0,1.0,1.0,1,1,5.0,0.0,0.0,0.0,1981.0,1
21,3,41.0,201800010700,2.0,0,1.0,1.0,1.0,2.0,0.0,3,1,4.0,6.0,4.0,1.0,1964.0,1
21,3,92.0,1009000057932,5.0,0,0.0,3.0,9.0,6.0,9.0,9,6,28.0,0.0,1.0,1.0,9893.0,5
21,4,2.0,1816200117529,10.0,0,26.0,7.0,41.0,37.0,19.0,14,11,40.0,2.0,1.0,3.0,17867.0,9
21,4,3.0,605400049267,3.0,0,0.0,0.0,21.0,17.0,4.0,4,3,13.0,0.0,0.0,0.0,5956.0,3
21,4,11.0,6659400483086,29.0,0,14.0,46.0,108.0,233.0,54.0,41,48,130.0,0.0,0.0,0.0,65348.0,33
21,4,12.0,1210800086471,8.0,0,13.0,4.0,16.0,57.0,6.0,6,6,27.0,0.0,0.0,0.0,11855.0,6
21,4,13.0,1009000093044,4.0,0,12.0,8.0,14.0,53.0,9.0,7,6,25.0,0.0,0.0,0.0,9933.0,5
21,4,21.0,4641400296321,20.0,0,0.0,33.0,95.0,173.0,27.0,27,27,82.0,0.0,0.0,0.0,45536.0,23
21,4,91.0,605400087592,2.0,0,8.0,6.0,6.0,35.0,3.0,3,3,9.0,0.0,0.0,0.0,5972.0,3
21,4,92.0,403600021242,2.0,0,13.0,2.0,15.0,38.0,2.0,2,2,5.0,0.0,0.0,0.0,3907.0,2
30,1,2.0,201800004610,1.0,0,0.0,2.0,1.0,23.0,1.0,1,1,4.0,0.0,0.0,0.0,1978.0,1
30,1,3.0,6054000921635,29.0,0,23.0,44.0,71.0,138.0,31.0,58,37,137.0,27.0,40.0,15.0,59415.0,30
30,1,11.0,302094649462193,1658.0,0,343.0,2891.0,3772.0,9471.0,1674.0,1605,1976,5205.0,0.0,0.0,0.0,2959336.0,1497
30,1,12.0,2018000373993,11.0,0,0.0,21.0,15.0,72.0,10.0,10,12,9.0,0.0,0.0,0.0,19786.0,10
30,1,13.0,26234004322806,174.0,0,32.0,236.0,406.0,786.0,137.0,133,166,390.0,0.0,0.0,0.0,255033.0,130
30,1,21.0,79912814845461,431.0,0,126.0,616.0,992.0,2475.0,465.0,462,430,1385.0,0.0,0.0,0.0,789225.0,396
30,1,22.0,403600076853,3.0,0,0.0,2.0,2.0,33.0,2.0,2,3,8.0,0.0,0.0,0.0,3984.0,2
30,1,23.0,6054000903636,30.0,0,6.0,62.0,72.0,166.0,32.0,32,32,80.0,0.0,0.0,0.0,59739.0,30
30,1,31.0,605400036274,3.0,0,0.0,6.0,5.0,29.0,13.0,6,4,15.0,0.0,0.0,0.0,6048.0,3
30,1,33.0,201800010366,2.0,0,0.0,2.0,1.0,0.0,3.0,2,2,0.0,0.0,0.0,0.0,2016.0,1
30,1,92.0,1412600104560,4.0,0,0.0,13.0,22.0,53.0,7.0,10,8,31.0,2.0,3.0,1.0,13914.0,7
30,1,93.0,2421600471159,17.0,0,2.0,19.0,31.0,90.0,14.0,13,17,25.0,0.0,0.0,0.0,23697.0,12
30,2,3.0,605400086199,4.0,0,0.0,4.0,3.0,2.0,1.0,7,4,5.0,7.0,6.0,2.0,5851.0,3
30,2,21.0,5045000554398,23.0,0,86.0,24.0,46.0,144.0,26.0,26,31,66.0,0.0,0.0,0.0,49502.0,25
30,2,22.0,403600090439,3.0,0,20.0,0.0,2.0,1.0,2.0,2,2,10.0,0.0,0.0,0.0,3942.0,2
30,2,23.0,1009000173426,3.0,0,22.0,4.0,5.0,17.0,6.0,6,5,19.0,0.0,0.0,0.0,9936.0,5
30,3,2.0,201800016205,1.0,0,0.0,0.0,9.0,1.0,1.0,1,1,5.0,0.0,0.0,0.0,1998.0,1
30,3,3.0,11502601735057,60.0,0,49.0,65.0,108.0,306.0,29.0,128,77,204.0,93.0,101.0,47.0,112929.0,57
30,3,11.0,605400068284,4.0,0,26.0,6.0,12.0,37.0,4.0,4,5,10.0,0.0,0.0,0.0,5890.0,3
30,3,13.0,201800043726,2.0,0,0.0,2.0,1.0,0.0,1.0,1,1,5.0,0.0,0.0,0.0,1996.0,1
30,3,21.0,120272816195550,606.0,0,1019.0,927.0,1470.0,3214.0,647.0,647,674,2001.0,0.0,0.0,0.0,1185936.0,596
30,3,22.0,3027000463814,16.0,0,39.0,18.0,27.0,76.0,16.0,16,15,56.0,0.0,0.0,0.0,29903.0,15
30,3,23.0,5246800890344,30.0,0,18.0,44.0,44.0,178.0,29.0,29,28,78.0,0.0,0.0,0.0,51699.0,26
30,3,91.0,1210800114931,6.0,0,8.0,3.0,10.0,10.0,3.0,12,7,17.0,7.0,11.0,5.0,11986.0,6
30,3,92.0,403600086048,2.0,0,0.0,11.0,3.0,17.0,2.0,2,3,0.0,0.0,0.0,0.0,3979.0,2
30,3,93.0,403600043885,1.0,0,0.0,4.0,8.0,0.0,2.0,2,2,5.0,0.0,0.0,0.0,4012.0,2
30,4,2.0,605400054468,5.0,0,0.0,3.0,4.0,19.0,0.0,9,3,15.0,8.0,5.0,3.0,5972.0,3
30,4,3.0,39149207485657,216.0,0,82.0,215.0,366.0,975.0,39.0,525,295,719.0,471.0,531.0,218.0,385168.0,194
30,4,11.0,11099001767680,65.0,0,15.0,114.0,133.0,417.0,67.0,64,78,191.0,0.0,0.0,0.0,108985.0,55
30,4,12.0,403600107085,3.0,0,0.0,4.0,9.0,10.0,2.0,2,2,10.0,0.0,0.0,0.0,3994.0,2
30,4,13.0,3632400674838,17.0,0,40.0,35.0,25.0,164.0,60.0,25,25,86.0,0.0,0.0,0.0,35599.0,18
30,4,21.0,392097468514227,2208.0,0,1258.0,3135.0,5191.0,12147.0,2179.0,2169,2285,6340.0,0.0,0.0,0.0,3868718.0,1943
30,4,22.0,3834200625288,19.0,0,14.0,42.0,27.0,80.0,20.0,20,23,57.0,0.0,0.0,0.0,37856.0,19
30,4,23.0,23408804102312,118.0,0,70.0,206.0,239.0,803.0,134.0,134,141,388.0,0.0,0.0,0.0,226857.0,116
30,4,43.0,201800022113,0.0,0,0.0,1.0,3.0,1.0,0.0,3,1,2.0,3.0,3.0,1.0,2001.0,1
30,4,91.0,1210800202213,6.0,0,0.0,7.0,17.0,32.0,5.0,14,8,19.0,4.0,9.0,3.0,11902.0,6
30,4,92.0,403600061890,1.0,0,0.0,4.0,8.0,15.0,2.0,2,2,4.0,0.0,0.0,0.0,4000.0,2
30,4,93.0,1412600291523,10.0,0,0.0,11.0,25.0,57.0,6.0,9,9,25.0,4.0,3.0,3.0,13900.0,7
31,1,2.0,605400061745,3.0,0,0.0,11.0,9.0,24.0,3.0,3,3,9.0,0.0,0.0,0.0,5940.0,3
31,1,3.0,3834200395026,25.0,0,0.0,35.0,50.0,74.0,19.0,22,23,68.0,4.0,3.0,2.0,37617.0,19
31,1,11.0,337813255695838,2035.0,0,527.0,3237.0,4805.0,10070.0,1993.0,1815,2198,5659.0,0.0,0.0,0.0,3308417.0,1674
31,1,12.0,4843200935396,34.0,0,3.0,41.0,50.0,180.0,31.0,28,32,64.0,0.0,0.0,0.0,47486.0,24
31,1,13.0,30673605146840,196.0,0,15.0,278.0,472.0,1069.0,169.0,164,188,432.0,0.0,0.0,0.0,298982.0,152
31,1,21.0,53073410322808,321.0,0,74.0,405.0,690.0,1625.0,298.0,292,286,929.0,0.0,0.0,0.0,517482.0,263
31,1,23.0,3027000581340,18.0,0,0.0,25.0,24.0,73.0,17.0,17,18,36.0,0.0,0.0,0.0,27838.0,15
31,1,31.0,807200057999,4.0,0,0.0,8.0,4.0,5.0,23.0,8,6,15.0,0.0,0.0,0.0,8062.0,4
31,1,41.0,201800057416,2.0,0,1.0,0.0,1.0,21.0,1.0,1,2,5.0,0.0,0.0,0.0,1986.0,1
31,1,91.0,1816200220444,8.0,0,0.0,18.0,25.0,37.0,21.0,13,13,18.0,0.0,0.0,0.0,17911.0,9
31,1,92.0,403600037959,1.0,0,1.0,3.0,9.0,3.0,2.0,2,2,13.0,0.0,0.0,0.0,3959.0,2
31,1,93.0,6255801098055,41.0,0,14.0,71.0,77.0,261.0,35.0,35,40,91.0,0.0,0.0,0.0,61450.0,31
31,2,3.0,201800016355,0.0,0,0.0,2.0,1.0,1.0,1.0,1,1,5.0,0.0,0.0,0.0,1993.0,1
31,2,11.0,201800013424,1.0,0,0.0,2.0,3.0,9.0,2.0,2,2,5.0,0.0,0.0,0.0,1926.0,1
31,2,21.0,13318801600612,80.0,0,168.0,90.0,169.0,325.0,70.0,70,68,206.0,0.0,0.0,0.0,130613.0,66
31,2,22.0,1009000130486,3.0,0,0.0,10.0,15.0,26.0,5.0,5,5,20.0,0.0,0.0,0.0,9975.0,5
31,2,23.0,201800056575,1.0,0,0.0,2.0,1.0,1.0,1.0,1,1,1.0,0.0,0.0,0.0,1967.0,1
31,3,2.0,1614400204218,6.0,0,0.0,18.0,15.0,34.0,5.0,14,11,32.0,7.0,8.0,3.0,15926.0,8
31,3,3.0,2421600385820,8.0,0,6.0,10.0,8.0,46.0,7.0,25,17,33.0,22.0,17.0,7.0,23811.0,12
31,3,11.0,605400082102,4.0,0,0.0,6.0,3.0,33.0,4.0,4,5,13.0,0.0,0.0,0.0,5893.0,3
31,3,13.0,201800037907,2.0,0,0.0,2.0,1.0,2.0,1.0,1,1,4.0,0.0,0.0,0.0,1995.0,1
31,3,21.0,160229219764338,873.0,0,1097.0,1306.0,2104.0,4523.0,853.0,849,890,2557.0,0.0,0.0,0.0,1573856.0,794
31,3,22.0,7870201091258,39.0,0,67.0,60.0,50.0,199.0,47.0,47,41,156.0,0.0,0.0,0.0,77835.0,39
31,3,23.0,9888201538351,60.0,0,52.0,85.0,155.0,344.0,55.0,55,56,141.0,0.0,0.0,0.0,97602.0,49
31,3,91.0,403600071339,2.0,0,0.0,0.0,16.0,24.0,2.0,2,3,5.0,0.0,0.0,0.0,3953.0,2
31,3,92.0,807200159253,5.0,0,3.0,6.0,6.0,40.0,4.0,4,4,19.0,0.0,0.0,0.0,7916.0,4
31,3,93.0,605400117800,4.0,0,0.0,6.0,2.0,43.0,3.0,3,4,9.0,0.0,0.0,0.0,5989.0,3
31,4,2.0,1412600158177,9.0,0,0.0,7.0,6.0,68.0,5.0,14,10,23.0,9.0,9.0,4.0,13877.0,7
31,4,3.0,7466601298986,42.0,0,0.0,40.0,78.0,228.0,7.0,97,54,116.0,82.0,95.0,38.0,73223.0,37
31,4,11.0,14933202283708,78.0,0,26.0,132.0,231.0,450.0,116.0,92,112,236.0,0.0,0.0,0.0,146633.0,74
31,4,13.0,201800054011,2.0,0,0.0,2.0,3.0,1.0,1.0,1,2,4.0,0.0,0.0,0.0,1985.0,1
31,4,21.0,298462254859726,1813.0,0,1078.0,2476.0,4431.0,9135.0,1607.0,1595,1702,4505.0,0.0,0.0,0.0,2932142.0,1479
31,4,22.0,4439600867972,32.0,0,3.0,36.0,47.0,161.0,29.0,29,24,94.0,0.0,0.0,0.0,43865.0,22
31,4,23.0,12309802233059,71.0,0,1.0,105.0,176.0,338.0,66.0,63,71,147.0,0.0,0.0,0.0,121030.0,61
31,4,31.0,403600049162,1.0,0,0.0,2.0,12.0,3.0,6.0,4,3,9.0,0.0,0.0,0.0,4030.0,2
31,4,43.0,201800039002,2.0,0,0.0,2.0,1.0,1.0,1.0,1,1,1.0,0.0,0.0,0.0,1960.0,1
31,4,91.0,807200166340,5.0,0,0.0,6.0,14.0,12.0,2.0,8,6,2.0,6.0,6.0,2.0,7919.0,4
31,4,92.0,1210800211372,7.0,0,0.0,11.0,13.0,81.0,7.0,7,7,30.0,0.0,0.0,0.0,11970.0,6
31,4,93.0,4641400880178,29.0,0,0.0,45.0,69.0,109.0,35.0,34,30,64.0,2.0,13.0,7.0,45763.0,23
32,1,2.0,201800004061,2.0,0,0.0,2.0,0.0,1.0,2.0,2,2,9.0,0.0,0.0,0.0,1971.0,1
32,1,3.0,5650400855129,24.0,0,0.0,48.0,69.0,131.0,28.0,44,32,84.0,16.0,15.0,8.0,55374.0,28
32,1,11.0,253259047084374,1484.0,0,321.0,2445.0,3569.0,8105.0,1391.0,1334,1616,4225.0,0.0,0.0,0.0,2481749.0,1255
32,1,12.0,2219800449610,17.0,0,0.0,22.0,42.0,120.0,12.0,12,13,19.0,0.0,0.0,0.0,21805.0,11
32,1,13.0,17556603414128,110.0,0,12.0,164.0,264.0,584.0,89.0,89,105,268.0,0.0,0.0,0.0,171880.0,87
32,1,21.0,57311211843356,361.0,0,72.0,462.0,827.0,1697.0,310.0,310,313,968.0,0.0,0.0,0.0,562995.0,284
32,1,22.0,1210800282365,10.0,0,0.0,8.0,14.0,56.0,7.0,7,7,17.0,0.0,0.0,0.0,11962.0,6
32,1,23.0,2421600412138,11.0,0,15.0,18.0,23.0,77.0,13.0,13,13,38.0,0.0,0.0,0.0,23843.0,12
32,1,31.0,605400063236,5.0,0,0.0,6.0,16.0,23.0,13.0,6,5,10.0,0.0,0.0,0.0,6048.0,3
32,1,91.0,201800043770,1.0,0,0.0,2.0,1.0,1.0,5.0,2,1,5.0,0.0,0.0,0.0,2005.0,1
32,1,93.0,1210800167764,7.0,0,1.0,8.0,15.0,21.0,6.0,6,7,14.0,0.0,0.0,0.0,11798.0,6
32,2,21.0,8072001014978,56.0,0,128.0,52.0,87.0,246.0,42.0,42,43,111.0,0.0,0.0,0.0,79176.0,40
32,2,22.0,807200173054,4.0,0,26.0,4.0,4.0,15.0,5.0,5,4,20.0,0.0,0.0,0.0,7941.0,4
32,3,2.0,403600075050,1.0,0,0.0,2.0,8.0,17.0,2.0,2,2,13.0,0.0,0.0,0.0,3956.0,2
32,3,3.0,4439600653155,21.0,0,28.0,27.0,28.0,112.0,9.0,48,27,52.0,36.0,45.0,15.0,43548.0,22
32,3,11.0,1614400216589,10.0,0,0.0,16.0,13.0,43.0,8.0,8,12,21.0,0.0,0.0,0.0,15830.0,8
32,3,13.0,403600113711,2.0,0,1.0,4.0,2.0,3.0,3.0,3,2,14.0,0.0,0.0,0.0,3970.0,2
32,3,21.0,82738012092711,448.0,0,644.0,652.0,1098.0,2424.0,447.0,444,449,1253.0,0.0,0.0,0.0,811366.0,410
32,3,22.0,1009000218154,5.0,0,24.0,2.0,9.0,16.0,7.0,6,5,20.0,0.0,0.0,0.0,9963.0,5
32,3,23.0,3430600645186,16.0,0,9.0,30.0,15.0,94.0,17.0,17,19,78.0,0.0,0.0,0.0,33807.0,17
32,3,91.0,605400052394,3.0,0,0.0,5.0,3.0,51.0,2.0,5,4,6.0,3.0,3.0,1.0,5912.0,3
32,3,93.0,605400078568,2.0,0,0.0,12.0,6.0,24.0,2.0,5,4,3.0,4.0,3.0,1.0,5959.0,3
32,4,2.0,807200024912,8.0,0,0.0,4.0,4.0,0.0,0.0,12,7,20.0,12.0,12.0,12.0,7978.0,4
32,4,3.0,17556603291503,107.0,0,38.0,97.0,156.0,534.0,16.0,238,132,304.0,230.0,236.0,95.0,172410.0,87
32,4,11.0,13117001993321,59.0,0,1.0,122.0,173.0,318.0,89.0,79,92,167.0,0.0,0.0,0.0,126948.0,65
32,4,12.0,403600055141,2.0,0,0.0,4.0,4.0,17.0,5.0,3,3,3.0,0.0,0.0,0.0,3977.0,2
32,4,13.0,807200196763,3.0,0,0.0,8.0,18.0,3.0,4.0,4,5,19.0,0.0,0.0,0.0,7930.0,4
32,4,21.0,295637057940869,1741.0,0,835.0,2528.0,4578.0,9498.0,1618.0,1600,1734,4389.0,0.0,0.0,0.0,2899979.0,1465
32,4,22.0,3228800700682,21.0,0,0.0,34.0,35.0,80.0,18.0,18,20,64.0,0.0,0.0,0.0,31743.0,16
32,4,23.0,13318802735370,78.0,0,39.0,121.0,202.0,358.0,72.0,72,84,170.0,0.0,0.0,0.0,126758.0,66
32,4,31.0,403600105022,3.0,0,0.0,4.0,5.0,3.0,5.0,4,3,5.0,0.0,0.0,0.0,4035.0,2
32,4,41.0,201800030761,0.0,0,0.0,2.0,1.0,1.0,1.0,1,1,1.0,0.0,0.0,0.0,1970.0,1
32,4,91.0,2018000271383,9.0,0,1.0,18.0,15.0,48.0,15.0,18,12,6.0,7.0,4.0,2.0,19886.0,10
32,4,93.0,1210800237325,5.0,0,0.0,10.0,13.0,25.0,6.0,6,7,19.0,0.0,0.0,0.0,11887.0,6
33,1,2.0,3430600199194,17.0,0,15.0,19.0,49.0,117.0,18.0,21,19,65.0,6.0,6.0,0.0,33600.0,17
33,1,3.0,18565602280831,94.0,0,60.0,160.0,278.0,541.0,127.0,118,117,340.0,9.0,27.0,5.0,181725.0,92
33,1,11.0,1126044167205779,6853.0,0,1855.0,10756.0,15626.0,32277.0,6655.0,6138,7310,18856.0,0.0,0.0,0.0,11026366.0,5580
33,1,12.0,8677401269624,51.0,0,12.0,78.0,131.0,325.0,44.0,44,53,127.0,0.0,0.0,0.0,84978.0,43
33,1,13.0,73657010523038,492.0,0,292.0,690.0,1067.0,2323.0,408.0,389,470,1178.0,0.0,0.0,0.0,719493.0,365
33,1,21.0,160632825326052,993.0,0,436.0,1264.0,2355.0,5023.0,861.0,860,875,2877.0,0.0,0.0,0.0,1575648.0,796
33,1,22.0,605400113497,3.0,0,1.0,3.0,5.0,4.0,4.0,4,3,15.0,0.0,0.0,0.0,5979.0,3
33,1,23.0,3834200694091,25.0,0,20.0,24.0,36.0,61.0,22.0,22,20,40.0,0.0,0.0,0.0,35659.0,19
33,1,31.0,4641400492732,27.0,0,2.0,46.0,76.0,161.0,123.0,46,33,99.0,0.0,0.0,0.0,46336.0,23
33,1,41.0,403600019981,1.0,0,0.0,4.0,2.0,34.0,2.0,2,2,5.0,0.0,0.0,0.0,3955.0,2
33,1,42.0,403600052792,2.0,0,0.0,4.0,4.0,15.0,2.0,2,2,9.0,0.0,0.0,0.0,3982.0,2
33,1,91.0,2623400364740,15.0,0,10.0,24.0,32.0,134.0,13.0,13,15,51.0,0.0,0.0,0.0,25691.0,13
33,1,92.0,3027000421960,17.0,0,1.0,28.0,38.0,122.0,15.0,15,17,60.0,0.0,0.0,0.0,29612.0,15
33,1,93.0,9484601553942,57.0,0,40.0,92.0,110.0,440.0,59.0,54,60,176.0,0.0,0.0,0.0,92914.0,47
33,2,2.0,403600069821,2.0,0,0.0,2.0,2.0,2.0,0.0,6,3,10.0,3.0,4.0,2.0,3960.0,2
33,2,3.0,3228800409704,19.0,0,11.0,19.0,21.0,32.0,4.0,40,19,74.0,29.0,35.0,14.0,31482.0,16
33,2,11.0,2623400303461,21.0,0,13.0,24.0,12.0,30.0,16.0,16,15,49.0,0.0,0.0,0.0,25492.0,13
33,2,21.0,103523409751836,663.0,0,1163.0,758.0,1061.0,2528.0,533.0,532,546,1769.0,0.0,0.0,0.0,1014895.0,513
33,2,22.0,2623400381925,15.0,0,56.0,8.0,28.0,63.0,14.0,14,13,54.0,0.0,0.0,0.0,25837.0,13
33,2,23.0,1210800117669,4.0,0,9.0,10.0,24.0,24.0,7.0,7,7,12.0,0.0,0.0,0.0,11877.0,6
33,2,42.0,201800019461,1.0,0,0.0,2.0,1.0,13.0,1.0,1,1,5.0,0.0,0.0,0.0,1967.0,1
33,2,91.0,605400059977,3.0,0,6.0,2.0,6.0,40.0,3.0,3,3,10.0,0.0,0.0,0.0,5930.0,3
33,3,2.0,3834200301811,18.0,0,45.0,18.0,45.0,123.0,8.0,41,26,68.0,33.0,23.0,19.0,37730.0,19
33,3,3.0,13520601975483,73.0,0,52.0,80.0,125.0,411.0,22.0,169,95,157.0,128.0,151.0,65.0,132516.0,67
33,3,11.0,8072000861848,61.0,0,28.0,72.0,72.0,211.0,47.0,47,65,141.0,0.0,0.0,0.0,78826.0,40
33,3,12.0,201800013493,2.0,0,9.0,2.0,1.0,1.0,2.0,2,2,5.0,0.0,0.0,0.0,1968.0,1
33,3,13.0,605400089637,3.0,0,1.0,4.0,9.0,18.0,4.0,4,4,13.0,0.0,0.0,0.0,5914.0,3
33,3,21.0,711950475374745,4143.0,0,6462.0,5200.0,9266.0,19413.0,3818.0,3817,3913,12348.0,0.0,0.0,0.0,6980807.0,3528
33,3,22.0,7264801091526,39.0,0,91.0,47.0,79.0,190.0,40.0,40,41,117.0,0.0,0.0,0.0,71480.0,36
33,3,23.0,13117001668641,75.0,0,79.0,99.0,146.0,388.0,67.0,67,70,166.0,0.0,0.0,0.0,128836.0,65
33,3,41.0,201800003236,1.0,0,0.0,2.0,1.0,1.0,2.0,2,1,5.0,0.0,0.0,0.0,1984.0,1
33,3,42.0,201800003002,0.0,0,0.0,0.0,1.0,1.0,1.0,1,1,5.0,0.0,0.0,0.0,1994.0,1
33,3,91.0,2623400169250,14.0,0,7.0,16.0,34.0,49.0,11.0,17,15,48.0,5.0,6.0,2.0,25613.0,13
33,3,92.0,201800056572,1.0,0,0.0,2.0,1.0,1.0,1.0,1,1,5.0,0.0,0.0,0.0,1979.0,1
33,3,93.0,1210800212089,7.0,0,15.0,12.0,9.0,40.0,6.0,6,7,12.0,0.0,0.0,0.0,11812.0,6
33,4,2.0,2825200245514,16.0,0,30.0,13.0,49.0,73.0,5.0,38,19,60.0,41.0,36.0,19.0,27725.0,14
33,4,3.0,24821404570229,142.0,0,91.0,153.0,244.0,601.0,45.0,314,172,393.0,259.0,316.0,115.0,243909.0,123
33,4,11.0,82334410055605,500.0,0,207.0,802.0,860.0,2315.0,578.0,499,631,1365.0,0.0,0.0,0.0,806736.0,408
33,4,12.0,605400162368,4.0,0,0.0,4.0,2.0,2.0,4.0,4,4,6.0,0.0,0.0,0.0,5929.0,3
33,4,13.0,4439600611575,31.0,0,1.0,42.0,41.0,96.0,31.0,28,34,44.0,0.0,0.0,0.0,43568.0,22
33,4,21.0,919400955039494,5686.0,0,4081.0,7489.0,14439.0,26238.0,5049.0,5015,5152,14257.0,0.0,0.0,0.0,9022684.0,4556
33,4,22.0,4439600952746,22.0,0,18.0,42.0,61.0,164.0,24.0,24,24,101.0,0.0,0.0,0.0,43703.0,22
33,4,23.0,22198004084774,128.0,0,93.0,195.0,341.0,698.0,119.0,119,124,279.0,0.0,0.0,0.0,217953.0,110
33,4,31.0,2421600332678,13.0,0,0.0,24.0,30.0,82.0,57.0,24,17,27.0,0.0,0.0,0.0,24174.0,12
33,4,41.0,201800031147,2.0,0,0.0,2.0,1.0,14.0,3.0,2,1,4.0,0.0,0.0,0.0,1968.0,1
33,4,43.0,201800022163,0.0,0,0.0,1.0,1.0,1.0,0.0,3,1,9.0,2.0,3.0,1.0,1972.0,1
33,4,91.0,1009000120537,7.0,0,0.0,5.0,11.0,20.0,2.0,11,8,16.0,5.0,13.0,4.0,9932.0,5
33,4,92.0,1210800179381,4.0,0,8.0,14.0,17.0,66.0,6.0,6,6,6.0,0.0,0.0,0.0,11873.0,6
33,4,93.0,2421600420149,13.0,0,0.0,18.0,41.0,67.0,11.0,17,15,49.0,5.0,12.0,3.0,23763.0,12
34,1,2.0,201800018020,0.0,0,13.0,2.0,4.0,1.0,1.0,1,1,4.0,0.0,0.0,0.0,1977.0,1
34,1,3.0,2623400247446,7.0,0,13.0,21.0,35.0,33.0,12.0,15,19,47.0,4.0,5.0,1.0,25649.0,13
34,1,11.0,236509642436352,1410.0,0,428.0,2269.0,3345.0,7270.0,1368.0,1275,1498,3832.0,0.0,0.0,0.0,2317442.0,1172
34,1,12.0,1412600257673,5.0,0,1.0,12.0,5.0,53.0,7.0,7,9,2.0,0.0,0.0,0.0,13874.0,7
34,1,13.0,20987204124187,139.0,0,134.0,190.0,242.0,821.0,125.0,111,129,326.0,0.0,0.0,0.0,205866.0,104
34,1,21.0,59934612009082,359.0,0,101.0,455.0,797.0,1979.0,321.0,321,313,845.0,0.0,0.0,0.0,587904.0,297
34,1,22.0,1009000223103,6.0,0,0.0,9.0,18.0,39.0,9.0,6,6,11.0,0.0,0.0,0.0,9942.0,5
34,1,23.0,2219800322910,12.0,0,0.0,18.0,19.0,82.0,12.0,12,12,25.0,0.0,0.0,0.0,21802.0,11
34,1,31.0,807200172674,3.0,0,0.0,8.0,10.0,20.0,14.0,8,5,15.0,0.0,0.0,0.0,8062.0,4
34,1,41.0,201800039140,1.0,0,0.0,0.0,0.0,21.0,1.0,1,1,5.0,0.0,0.0,0.0,1981.0,1
34,1,91.0,403600075753,2.0,0,0.0,4.0,1.0,7.0,2.0,2,3,9.0,0.0,0.0,0.0,3946.0,2
34,1,92.0,807200130120,6.0,0,0.0,8.0,18.0,36.0,4.0,4,6,11.0,0.0,0.0,0.0,7902.0,4
34,1,93.0,4237800904953,24.0,0,4.0,38.0,36.0,178.0,26.0,25,28,66.0,0.0,0.0,0.0,41596.0,21
34,2,2.0,403600111768,2.0,0,4.0,0.0,18.0,2.0,3.0,3,2,10.0,0.0,0.0,0.0,3988.0,2
34,2,3.0,201800023804,1.0,0,0.0,1.0,1.0,1.0,0.0,3,1,5.0,1.0,0.0,2.0,1995.0,1
34,2,21.0,5852200629364,30.0,0,108.0,25.0,83.0,189.0,29.0,29,29,87.0,0.0,0.0,0.0,57221.0,29
34,2,22.0,605400151681,4.0,0,16.0,4.0,4.0,28.0,3.0,3,3,5.0,0.0,0.0,0.0,5947.0,3
34,2,41.0,201800028248,2.0,0,13.0,0.0,4.0,23.0,1.0,1,1,1.0,0.0,0.0,0.0,1973.0,1
34,3,2.0,1009000175569,4.0,0,25.0,4.0,3.0,12.0,1.0,13,5,18.0,13.0,3.0,6.0,9869.0,5
34,3,3.0,5448600777356,28.0,0,0.0,28.0,45.0,141.0,6.0,72,37,81.0,58.0,76.0,27.0,53339.0,27
34,3,11.0,403600040175,2.0,0,0.0,4.0,2.0,2.0,2.0,2,3,1.0,0.0,0.0,0.0,3930.0,2
34,3,12.0,201800038700,2.0,0,0.0,2.0,1.0,21.0,1.0,1,1,1.0,0.0,0.0,0.0,1982.0,1
34,3,13.0,201800057014,1.0,0,0.0,0.0,0.0,0.0,4.0,2,1,0.0,0.0,0.0,0.0,1989.0,1
34,3,21.0,91617213267765,522.0,0,723.0,728.0,1345.0,2950.0,501.0,498,491,1203.0,0.0,0.0,0.0,898671.0,454
34,3,22.0,3834200645442,19.0,0,10.0,32.0,49.0,142.0,23.0,23,22,69.0,0.0,0.0,0.0,37834.0,19
34,3,23.0,5045000891764,35.0,0,19.0,42.0,68.0,176.0,31.0,31,27,58.0,0.0,0.0,0.0,49709.0,25
34,3,91.0,403600079740,3.0,0,0.0,11.0,4.0,16.0,3.0,3,3,0.0,0.0,0.0,0.0,3985.0,2
34,3,92.0,403600088486,2.0,0,1.0,2.0,1.0,23.0,3.0,3,2,10.0,0.0,0.0,0.0,3996.0,2
34,3,93.0,605400128265,5.0,0,0.0,13.0,5.0,17.0,3.0,3,4,0.0,0.0,0.0,0.0,5950.0,3
34,4,2.0,1009000230183,2.0,0,32.0,5.0,1.0,37.0,0.0,15,8,37.0,23.0,30.0,8.0,9923.0,5
34,4,3.0,8879201554074,50.0,0,10.0,48.0,80.0,159.0,5.0,125,68,113.0,111.0,123.0,55.0,87147.0,44
34,4,11.0,15740402471109,85.0,0,80.0,140.0,200.0,673.0,111.0,98,125,253.0,0.0,0.0,0.0,154553.0,78
34,4,12.0,201800051704,2.0,0,0.0,2.0,1.0,1.0,1.0,1,1,5.0,0.0,0.0,0.0,2006.0,1
34,4,13.0,1614400322988,8.0,0,0.0,16.0,17.0,61.0,8.0,8,12,20.0,0.0,0.0,0.0,15849.0,8
34,4,21.0,240949245941453,1462.0,0,910.0,2065.0,3509.0,7326.0,1338.0,1322,1324,3469.0,0.0,0.0,0.0,2359962.0,1194
34,4,22.0,4439600912541,27.0,0,6.0,28.0,42.0,108.0,26.0,26,24,50.0,0.0,0.0,0.0,43669.0,22
34,4,23.0,9282801920040,60.0,0,52.0,83.0,93.0,265.0,61.0,52,52,115.0,0.0,0.0,0.0,91288.0,46
34,4,31.0,201800040185,1.0,0,0.0,2.0,1.0,1.0,2.0,2,1,0.0,0.0,0.0,0.0,2017.0,1
34,4,91.0,2018000339228,10.0,0,0.0,21.0,33.0,48.0,8.0,17,13,38.0,6.0,9.0,4.0,19820.0,10
34,4,92.0,403600051872,2.0,0,0.0,3.0,3.0,2.0,1.0,4,2,14.0,0.0,3.0,1.0,3918.0,2
34,4,93.0,3834200743619,18.0,0,10.0,62.0,43.0,120.0,24.0,21,23,52.0,0.0,0.0,0.0,37588.0,19
35,1,2.0,403600006683,4.0,0,6.0,0.0,10.0,22.0,4.0,4,3,14.0,0.0,0.0,0.0,4005.0,2
35,1,11.0,2623400289473,11.0,0,0.0,26.0,52.0,79.0,15.0,15,20,50.0,0.0,0.0,0.0,25629.0,13
35,1,21.0,403600004438,3.0,0,2.0,1.0,5.0,2.0,2.0,2,2,6.0,0.0,0.0,0.0,3993.0,2
35,1,22.0,201800057564,2.0,0,14.0,1.0,7.0,17.0,1.0,1,1,9.0,0.0,0.0,0.0,1989.0,1
35,2,22.0,201800015098,0.0,0,0.0,0.0,0.0,2.0,1.0,1,1,4.0,0.0,0.0,0.0,2001.0,1
35,3,2.0,807200032606,4.0,0,6.0,5.0,5.0,4.0,4.0,7,5,24.0,2.0,1.0,1.0,7966.0,4
35,3,21.0,2623400205300,13.0,0,46.0,8.0,37.0,105.0,15.0,15,17,55.0,0.0,0.0,0.0,25832.0,13
35,3,22.0,403600030442,1.0,0,16.0,2.0,3.0,14.0,3.0,3,2,5.0,0.0,0.0,0.0,3986.0,2
35,4,2.0,201800003588,2.0,0,0.0,0.0,9.0,21.0,1.0,1,2,5.0,0.0,0.0,0.0,1997.0,1
35,4,3.0,201800009057,0.0,0,1.0,2.0,1.0,0.0,1.0,1,1,0.0,0.0,0.0,0.0,1989.0,1
35,4,21.0,1816200183292,10.0,0,30.0,10.0,26.0,44.0,10.0,10,11,30.0,0.0,0.0,0.0,17763.0,9
35,4,23.0,605400074211,1.0,0,0.0,6.0,3.0,3.0,4.0,4,3,5.0,0.0,0.0,0.0,5995.0,3
36,1,2.0,1210800115784,12.0,0,0.0,0.0,0.0,2.0,23.0,11,7,15.0,0.0,0.0,0.0,11943.0,6
36,1,3.0,201800000766,0.0,0,0.0,2.0,3.0,15.0,1.0,1,1,5.0,0.0,0.0,0.0,1993.0,1
36,1,11.0,7870200642550,38.0,0,14.0,68.0,109.0,339.0,49.0,44,49,165.0,0.0,0.0,0.0,77234.0,39
36,1,12.0,201800015745,0.0,0,0.0,2.0,3.0,1.0,1.0,1,1,4.0,0.0,0.0,0.0,1981.0,1
36,1,13.0,201800033510,1.0,0,1.0,0.0,7.0,2.0,1.0,1,2,3.0,0.0,0.0,0.0,1956.0,1
36,1,21.0,3027000298220,16.0,0,33.0,13.0,33.0,84.0,17.0,17,16,63.0,0.0,0.0,0.0,29727.0,15
36,1,22.0,1412600108456,2.0,0,0.0,0.0,37.0,66.0,11.0,10,8,35.0,0.0,0.0,0.0,13909.0,7
36,1,23.0,403600039336,0.0,0,6.0,1.0,5.0,27.0,2.0,2,2,10.0,0.0,0.0,0.0,4011.0,2
36,1,91.0,403600002714,0.0,0,0.0,0.0,18.0,32.0,3.0,3,2,10.0,0.0,0.0,0.0,3999.0,2
36,1,92.0,201800001357,0.0,0,0.0,0.0,9.0,16.0,2.0,2,2,5.0,0.0,0.0,0.0,2000.0,1
36,1,93.0,201800009406,0.0,0,0.0,1.0,1.0,0.0,1.0,1,1,0.0,0.0,0.0,0.0,2000.0,1
36,2,2.0,201800022450,2.0,0,0.0,0.0,0.0,1.0,1.0,1,1,5.0,0.0,0.0,0.0,1963.0,1
36,2,21.0,1816200188603,8.0,0,27.0,6.0,21.0,66.0,10.0,10,9,35.0,0.0,0.0,0.0,17820.0,9
36,2,22.0,201800034124,0.0,0,0.0,0.0,0.0,0.0,1.0,1,1,0.0,0.0,0.0,0.0,1980.0,1
36,3,2.0,3027000229763,13.0,0,60.0,4.0,32.0,118.0,16.0,22,18,74.0,6.0,18.0,4.0,29615.0,15
36,3,21.0,14731401242136,56.0,0,287.0,40.0,167.0,454.0,88.0,88,88,354.0,0.0,0.0,0.0,144450.0,73
36,3,22.0,3027000183307,5.0,0,65.0,4.0,77.0,84.0,23.0,21,19,70.0,0.0,0.0,0.0,29786.0,15
36,3,23.0,403600032441,0.0,0,6.0,0.0,3.0,13.0,4.0,3,3,10.0,0.0,0.0,0.0,3988.0,2
36,3,91.0,201800014565,0.0,0,2.0,0.0,1.0,1.0,1.0,1,1,5.0,0.0,0.0,0.0,1995.0,1
36,3,92.0,201800001357,0.0,0,0.0,0.0,9.0,16.0,2.0,2,2,5.0,0.0,0.0,0.0,2000.0,1
36,3,93.0,201800029347,1.0,0,6.0,0.0,1.0,0.0,1.0,1,1,9.0,0.0,0.0,0.0,1992.0,1
36,4,2.0,403600034983,2.0,0,15.0,0.0,1.0,1.0,3.0,3,3,10.0,0.0,0.0,0.0,3977.0,2
36,4,3.0,605400046239,0.0,0,0.0,5.0,5.0,16.0,2.0,5,3,6.0,1.0,9.0,1.0,5930.0,3
36,4,11.0,1412600149965,8.0,0,0.0,14.0,13.0,37.0,8.0,8,11,17.0,0.0,0.0,0.0,13785.0,7
36,4,21.0,10090000913079,41.0,0,119.0,49.0,108.0,305.0,62.0,62,60,222.0,0.0,0.0,0.0,99101.0,50
36,4,22.0,2421600174378,12.0,0,9.0,0.0,19.0,139.0,45.0,23,15,60.0,0.0,0.0,0.0,23848.0,12
36,4,93.0,201800035869,1.0,0,0.0,2.0,1.0,9.0,1.0,1,1,5.0,0.0,0.0,0.0,1994.0,1
37,1,3.0,7668400880989,59.0,1046,9.0,58.0,130.0,207.0,112.0,55,45,194.0,1.0,3.0,2.0,75297.0,38
37,1,11.0,144287022615564,801.0,8277,373.0,1194.0,2370.0,4492.0,1239.0,844,866,2767.0,0.0,0.0,0.0,1414711.0,715
37,1,12.0,3027000404124,15.0,55,11.0,24.0,47.0,62.0,41.0,20,17,63.0,0.0,0.0,0.0,29706.0,15
37,1,13.0,25225004417859,144.0,1103,84.0,166.0,352.0,887.0,220.0,146,145,533.0,0.0,0.0,0.0,247081.0,125
37,1,21.0,605400093595,3.0,911,10.0,4.0,8.0,25.0,3.0,3,3,10.0,0.0,0.0,0.0,5957.0,3
37,1,23.0,403600030497,1.0,29,4.0,4.0,2.0,3.0,3.0,3,2,5.0,0.0,0.0,0.0,3984.0,2
37,1,31.0,1009000122185,5.0,49,0.0,8.0,17.0,5.0,20.0,10,7,19.0,0.0,0.0,0.0,10085.0,5
37,1,91.0,1614400311508,9.0,70,0.0,11.0,21.0,48.0,9.0,9,9,34.0,0.0,0.0,0.0,15812.0,8
37,1,92.0,807200154771,6.0,2,1.0,6.0,15.0,21.0,4.0,4,4,21.0,0.0,0.0,0.0,7920.0,4
37,1,93.0,10897201892842,68.0,291,12.0,66.0,153.0,516.0,140.0,68,65,165.0,0.0,0.0,0.0,106721.0,54
37,2,3.0,807200107711,5.0,48,0.0,4.0,11.0,60.0,0.0,12,5,15.0,10.0,9.0,4.0,7818.0,4
37,2,11.0,2018000270581,8.0,117,3.0,20.0,28.0,13.0,11.0,11,14,31.0,0.0,0.0,0.0,19720.0,10
37,2,13.0,807200040216,8.0,22,0.0,8.0,8.0,18.0,14.0,6,6,12.0,0.0,0.0,0.0,7974.0,4
37,2,21.0,1412600145988,7.0,13,0.0,14.0,30.0,35.0,8.0,8,8,18.0,0.0,0.0,0.0,13925.0,7
37,2,22.0,201800023571,1.0,1,0.0,9.0,2.0,1.0,1.0,1,1,3.0,0.0,0.0,0.0,1928.0,1
37,2,32.0,201800056336,2.0,5,0.0,2.0,1.0,1.0,7.0,2,1,5.0,0.0,0.0,0.0,2014.0,1
37,2,43.0,201800024869,1.0,10,0.0,2.0,5.0,1.0,1.0,1,2,3.0,0.0,0.0,0.0,1942.0,1
37,3,2.0,1412600214387,4.0,58,1.0,9.0,42.0,30.0,9.0,18,8,34.0,25.0,19.0,5.0,13905.0,7
37,3,3.0,6861201128603,32.0,467,10.0,40.0,110.0,276.0,23.0,91,55,138.0,81.0,92.0,29.0,67192.0,34
37,3,11.0,10493601641707,62.0,1386,22.0,98.0,162.0,268.0,85.0,69,72,185.0,0.0,0.0,0.0,102841.0,52
37,3,12.0,2018000378880,13.0,48,0.0,16.0,45.0,78.0,37.0,16,15,34.0,0.0,0.0,0.0,19776.0,10
37,3,13.0,3228800518898,20.0,128,34.0,26.0,30.0,62.0,53.0,26,21,17.0,0.0,0.0,0.0,31503.0,16
37,3,21.0,6861201114106,29.0,151,3.0,60.0,139.0,255.0,36.0,36,34,87.0,0.0,0.0,0.0,67625.0,34
37,3,22.0,201800023950,2.0,1,0.0,2.0,5.0,1.0,1.0,1,1,5.0,0.0,0.0,0.0,1935.0,1
37,3,23.0,201800054883,1.0,13,0.0,2.0,3.0,17.0,1.0,1,1,1.0,0.0,0.0,0.0,1978.0,1
37,3,42.0,201800025210,2.0,20,0.0,0.0,0.0,7.0,2.0,2,2,3.0,0.0,0.0,0.0,1975.0,1
37,3,91.0,403600070547,0.0,2,0.0,3.0,13.0,17.0,1.0,4,2,5.0,2.0,3.0,1.0,3976.0,2
37,3,92.0,807200106079,4.0,92,0.0,6.0,16.0,5.0,11.0,10,7,14.0,11.0,6.0,2.0,7913.0,4
37,3,93.0,3228800575391,20.0,228,1.0,24.0,36.0,106.0,77.0,29,27,50.0,3.0,3.0,1.0,31529.0,16
37,4,2.0,1816200181274,8.0,213,12.0,9.0,33.0,92.0,20.0,22,12,36.0,12.0,15.0,9.0,17888.0,9
37,4,3.0,22198003293215,142.0,1869,66.0,137.0,305.0,645.0,218.0,273,166,387.0,158.0,249.0,70.0,217488.0,110
37,4,11.0,72244410467626,351.0,5162,337.0,613.0,1145.0,2283.0,1035.0,534,528,1500.0,0.0,0.0,0.0,709751.0,358
37,4,12.0,15135002568443,71.0,1278,11.0,132.0,179.0,331.0,461.0,145,105,165.0,0.0,0.0,0.0,148299.0,75
37,4,13.0,24821404020984,127.0,1527,140.0,181.0,334.0,811.0,644.0,226,191,471.0,0.0,0.0,0.0,242959.0,123
37,4,21.0,12713402246475,71.0,419,1.0,118.0,251.0,601.0,66.0,66,72,155.0,0.0,0.0,0.0,125098.0,63
37,4,22.0,605400098059,3.0,97,0.0,4.0,15.0,9.0,3.0,3,3,11.0,0.0,0.0,0.0,5992.0,3
37,4,23.0,3027000613264,17.0,167,0.0,37.0,53.0,133.0,15.0,15,19,50.0,0.0,0.0,0.0,29709.0,15
37,4,31.0,403600078400,2.0,12,0.0,4.0,7.0,24.0,5.0,4,2,10.0,0.0,0.0,0.0,4024.0,2
37,4,33.0,201800054820,1.0,3,0.0,0.0,0.0,21.0,8.0,2,2,5.0,0.0,0.0,0.0,2017.0,1
37,4,43.0,201800025091,0.0,1,0.0,2.0,7.0,1.0,1.0,1,2,5.0,0.0,0.0,0.0,1992.0,1
37,4,91.0,403600082516,3.0,23,6.0,2.0,5.0,44.0,7.0,4,3,0.0,0.0,0.0,0.0,3974.0,2
37,4,92.0,4036000545876,26.0,136,2.0,28.0,65.0,98.0,75.0,38,32,86.0,0.0,0.0,0.0,39494.0,20
37,4,93.0,13924202714627,90.0,517,45.0,102.0,186.0,630.0,345.0,121,111,158.0,0.0,0.0,0.0,136413.0,69
38,1,2.0,1210800054792,7.0,151,12.0,5.0,40.0,7.0,22.0,10,7,25.0,0.0,0.0,0.0,11932.0,6
38,1,3.0,807200031800,3.0,51,0.0,7.0,20.0,7.0,5.0,5,5,18.0,0.0,0.0,0.0,7904.0,4
38,1,11.0,71235406678613,440.0,8014,427.0,497.0,1217.0,1765.0,1226.0,532,470,1541.0,0.0,0.0,0.0,701184.0,353
38,1,12.0,17153001448004,115.0,2488,235.0,122.0,243.0,103.0,503.0,169,127,238.0,0.0,0.0,0.0,170108.0,85
38,1,13.0,24417801465222,185.0,4160,122.0,165.0,505.0,695.0,848.0,226,173,385.0,0.0,0.0,0.0,240226.0,121
38,1,21.0,807200133541,5.0,1,0.0,8.0,9.0,15.0,4.0,4,5,15.0,0.0,0.0,0.0,7920.0,4
38,1,31.0,403600049021,1.0,2,0.0,4.0,4.0,2.0,12.0,4,2,14.0,0.0,0.0,0.0,4028.0,2
38,1,91.0,201800023476,1.0,5,0.0,2.0,1.0,1.0,2.0,2,1,0.0,0.0,0.0,0.0,2018.0,1
38,1,93.0,201800021635,1.0,5,0.0,1.0,2.0,2.0,1.0,1,2,1.0,0.0,0.0,0.0,1970.0,1
38,2,2.0,605400039559,4.0,63,15.0,1.0,20.0,25.0,16.0,7,5,12.0,6.0,9.0,1.0,5936.0,3
38,2,11.0,1210800058907,8.0,66,13.0,12.0,10.0,6.0,6.0,6,9,20.0,0.0,0.0,0.0,11858.0,6
38,2,13.0,201800029981,2.0,24,0.0,2.0,1.0,1.0,1.0,1,1,0.0,0.0,0.0,0.0,1990.0,1
38,2,21.0,605400048230,4.0,66,0.0,6.0,15.0,1.0,3.0,3,4,5.0,0.0,0.0,0.0,5953.0,3
38,2,92.0,201800003414,1.0,31,4.0,0.0,7.0,1.0,1.0,1,1,4.0,0.0,0.0,0.0,1948.0,1
38,3,2.0,2219800134191,10.0,314,26.0,5.0,61.0,40.0,32.0,26,14,47.0,15.0,15.0,5.0,21822.0,11
38,3,3.0,1009000017070,5.0,155,20.0,0.0,35.0,5.0,39.0,10,6,25.0,0.0,0.0,0.0,9973.0,5
38,3,11.0,11099000937867,69.0,1375,135.0,61.0,191.0,254.0,164.0,77,77,207.0,0.0,0.0,0.0,109015.0,55
38,3,12.0,403600112044,0.0,6,0.0,0.0,0.0,0.0,16.0,4,4,4.0,0.0,0.0,0.0,4009.0,2
38,3,13.0,201800004316,2.0,1,0.0,2.0,3.0,1.0,1.0,1,2,0.0,0.0,0.0,0.0,1998.0,1
38,3,21.0,2825200357083,15.0,145,0.0,22.0,37.0,125.0,14.0,14,15,55.0,0.0,0.0,0.0,27786.0,14
38,3,42.0,201800006166,0.0,10,0.0,0.0,8.0,1.0,1.0,1,2,1.0,0.0,0.0,0.0,1976.0,1
38,3,91.0,201800000778,2.0,1,0.0,2.0,8.0,1.0,1.0,1,2,1.0,0.0,0.0,0.0,1965.0,1
38,3,92.0,201800001023,1.0,1,0.0,2.0,2.0,1.0,1.0,1,1,5.0,0.0,0.0,0.0,2005.0,1
38,3,93.0,201800009163,0.0,16,0.0,2.0,2.0,16.0,1.0,1,2,9.0,0.0,0.0,0.0,1993.0,1
38,4,2.0,1816200064938,8.0,277,22.0,7.0,29.0,31.0,33.0,21,12,34.0,9.0,21.0,4.0,17815.0,9
38,4,3.0,1816200179946,12.0,114,5.0,9.0,36.0,71.0,12.0,21,12,31.0,13.0,18.0,6.0,17758.0,9
38,4,11.0,33498804161283,190.0,3985,334.0,224.0,534.0,708.0,640.0,273,242,645.0,0.0,0.0,0.0,329916.0,166
38,4,12.0,3632400236002,28.0,434,23.0,24.0,62.0,18.0,138.0,35,29,74.0,0.0,0.0,0.0,35927.0,18
38,4,13.0,3430600435124,29.0,231,27.0,28.0,68.0,155.0,88.0,29,25,51.0,0.0,0.0,0.0,33870.0,17
38,4,21.0,3228800663426,13.0,92,0.0,32.0,60.0,146.0,19.0,19,18,77.0,0.0,0.0,0.0,31776.0,16
38,4,22.0,403600070660,3.0,1,0.0,11.0,10.0,17.0,2.0,2,2,14.0,0.0,0.0,0.0,3995.0,2
38,4,23.0,1210800287531,8.0,4,0.0,12.0,23.0,58.0,6.0,6,6,12.0,0.0,0.0,0.0,11817.0,6
38,4,41.0,201800032731,2.0,1,7.0,1.0,6.0,23.0,1.0,1,2,4.0,0.0,0.0,0.0,1968.0,1
38,4,91.0,605400077210,5.0,1,0.0,6.0,14.0,3.0,3.0,3,4,11.0,0.0,0.0,0.0,5974.0,3
39,1,2.0,1009000040388,2.0,57,6.0,12.0,10.0,5.0,5.0,5,5,16.0,0.0,0.0,0.0,9910.0,5
39,1,3.0,201800030295,2.0,1,0.0,2.0,1.0,1.0,1.0,1,1,4.0,0.0,0.0,0.0,1982.0,1
39,1,11.0,807200107784,1.0,351,0.0,9.0,5.0,4.0,4.0,4,4,17.0,0.0,0.0,0.0,7928.0,4
39,1,12.0,605400032588,2.0,149,1.0,4.0,6.0,3.0,9.0,4,4,13.0,0.0,0.0,0.0,5963.0,3
39,1,13.0,201800038217,1.0,0,0.0,2.0,1.0,23.0,1.0,1,1,0.0,0.0,0.0,0.0,1973.0,1
39,1,21.0,201800003115,0.0,1,0.0,2.0,7.0,1.0,1.0,1,2,5.0,0.0,0.0,0.0,2003.0,1
39,1,91.0,605400033099,4.0,234,0.0,6.0,4.0,3.0,3.0,3,3,12.0,0.0,0.0,0.0,5921.0,3
39,1,92.0,807200078688,8.0,65,0.0,6.0,22.0,4.0,5.0,5,4,16.0,0.0,0.0,0.0,7881.0,4
39,1,93.0,1614400109934,5.0,246,0.0,15.0,17.0,7.0,8.0,8,8,28.0,0.0,0.0,0.0,15812.0,8
39,2,2.0,201800029167,1.0,50,0.0,1.0,3.0,0.0,0.0,3,2,2.0,1.0,3.0,1.0,2002.0,1
39,2,3.0,605400068450,1.0,334,0.0,7.0,5.0,3.0,2.0,5,3,6.0,0.0,9.0,2.0,5839.0,3
39,2,11.0,1009000143620,7.0,58,0.0,8.0,12.0,5.0,7.0,7,7,23.0,0.0,0.0,0.0,9805.0,5
39,2,12.0,201800015631,0.0,77,1.0,0.0,1.0,1.0,1.0,1,1,0.0,0.0,0.0,0.0,1982.0,1
39,2,13.0,807200049231,1.0,254,0.0,8.0,5.0,4.0,4.0,4,5,13.0,0.0,0.0,0.0,7838.0,4
39,3,11.0,1412600118702,7.0,304,0.0,14.0,15.0,7.0,16.0,9,10,18.0,0.0,0.0,0.0,13675.0,7
39,3,21.0,201800003115,0.0,1,0.0,2.0,7.0,1.0,2.0,2,2,5.0,0.0,0.0,0.0,2001.0,1
39,4,11.0,2018000130318,11.0,300,6.0,20.0,22.0,10.0,26.0,14,14,23.0,0.0,0.0,0.0,19598.0,10
39,4,12.0,201800038217,1.0,0,0.0,2.0,1.0,23.0,1.0,1,1,0.0,0.0,0.0,0.0,1986.0,1
39,4,13.0,201800001248,2.0,10,0.0,2.0,1.0,1.0,1.0,1,1,5.0,0.0,0.0,0.0,1945.0,1
39,4,91.0,201800038601,1.0,0,0.0,2.0,7.0,23.0,1.0,1,2,1.0,0.0,0.0,0.0,1968.0,1
40,1,3.0,5045000865240,30.0,863,0.0,41.0,39.0,18.0,26.0,26,25,90.0,0.0,0.0,0.0,49376.0,25
40,1,11.0,10897201572342,54.0,1000,0.0,103.0,117.0,71.0,77.0,66,70,226.0,0.0,0.0,0.0,106815.0,54
40,1,12.0,403600040971,1.0,0,0.0,3.0,8.0,2.0,3.0,3,2,4.0,0.0,0.0,0.0,3960.0,2
40,1,13.0,5448600636901,25.0,840,0.0,37.0,69.0,50.0,28.0,28,32,86.0,0.0,0.0,0.0,53252.0,27
40,1,91.0,1614400280161,9.0,272,0.0,20.0,12.0,45.0,8.0,8,9,28.0,0.0,0.0,0.0,15779.0,8
40,1,92.0,403600086609,1.0,155,0.0,2.0,6.0,19.0,2.0,2,2,8.0,0.0,0.0,0.0,3943.0,2
40,1,93.0,6659400923398,34.0,1224,0.0,48.0,71.0,69.0,33.0,33,39,106.0,0.0,0.0,0.0,65166.0,33
40,2,3.0,605400075402,3.0,251,0.0,3.0,4.0,3.0,0.0,9,5,13.0,12.0,7.0,3.0,5820.0,3
40,3,3.0,2623400420168,11.0,467,0.0,18.0,30.0,10.0,3.0,33,15,55.0,20.0,36.0,14.0,25722.0,13
40,3,11.0,1412600204278,5.0,96,0.0,14.0,11.0,5.0,8.0,8,11,11.0,0.0,0.0,0.0,13757.0,7
40,3,13.0,403600059268,0.0,2,0.0,4.0,4.0,2.0,2.0,2,2,0.0,0.0,0.0,0.0,3979.0,2
40,3,23.0,605400093109,3.0,2,0.0,6.0,8.0,3.0,4.0,4,3,6.0,0.0,0.0,0.0,5984.0,3
40,3,43.0,201800022122,0.0,1,0.0,1.0,3.0,1.0,0.0,3,1,5.0,1.0,3.0,1.0,1986.0,1
40,3,93.0,807200142148,4.0,31,0.0,7.0,8.0,4.0,18.0,6,6,9.0,0.0,0.0,0.0,7876.0,4
40,4,2.0,403600008046,0.0,100,0.0,4.0,2.0,2.0,10.0,3,3,9.0,0.0,0.0,0.0,3936.0,2
40,4,3.0,5650400852006,36.0,1157,0.0,41.0,66.0,46.0,51.0,66,42,80.0,43.0,50.0,14.0,55407.0,28
40,4,11.0,8273801328518,47.0,702,0.0,82.0,65.0,55.0,62.0,55,63,136.0,0.0,0.0,0.0,80924.0,41
40,4,13.0,3027000348414,13.0,602,0.0,28.0,28.0,15.0,33.0,23,23,28.0,0.0,0.0,0.0,29649.0,15
40,4,21.0,1412600244780,9.0,262,0.0,14.0,17.0,8.0,7.0,7,7,25.0,0.0,0.0,0.0,13922.0,7
40,4,23.0,1412600158496,9.0,205,0.0,14.0,13.0,7.0,7.0,7,7,28.0,0.0,0.0,0.0,13929.0,7
40,4,41.0,201800031630,2.0,0,0.0,2.0,2.0,1.0,1.0,1,1,5.0,0.0,0.0,0.0,1994.0,1
40,4,93.0,1816200273073,10.0,281,0.0,25.0,21.0,8.0,43.0,15,14,30.0,0.0,0.0,0.0,17743.0,9
99,1,1.0,605400144921,0.0,0,3.0,3.0,3.0,45.0,0.0,9,5,0.0,0.0,0.0,1.0,5958.0,3
99,1,2.0,1614400113461,5.0,0,39.0,7.0,19.0,12.0,21.0,10,8,38.0,0.0,0.0,0.0,15833.0,8
99,1,3.0,5448600792243,23.0,0,11.0,49.0,81.0,161.0,33.0,38,31,94.0,8.0,7.0,5.0,53275.0,27
99,1,11.0,88792015153799,431.0,0,102.0,789.0,1048.0,2673.0,529.0,485,556,1460.0,0.0,0.0,0.0,870204.0,440
99,1,12.0,2421600447141,10.0,0,15.0,21.0,17.0,35.0,12.0,12,13,42.0,0.0,0.0,0.0,23737.0,12
99,1,13.0,10695401881888,42.0,0,9.0,106.0,92.0,375.0,70.0,60,70,211.0,0.0,0.0,0.0,104979.0,53
99,1,21.0,4036000824905,16.0,0,0.0,38.0,28.0,149.0,22.0,22,20,44.0,0.0,0.0,0.0,39667.0,20
99,1,23.0,1009000190257,5.0,0,0.0,8.0,15.0,14.0,5.0,5,5,9.0,0.0,0.0,0.0,9964.0,5
99,1,91.0,1614400147535,5.0,0,0.0,15.0,18.0,22.0,8.0,8,10,29.0,0.0,0.0,0.0,15929.0,8
99,1,92.0,1210800211267,6.0,0,13.0,3.0,6.0,18.0,6.0,6,7,28.0,0.0,0.0,0.0,11830.0,6
99,1,93.0,4439600750652,16.0,0,1.0,37.0,35.0,149.0,22.0,22,24,47.0,0.0,0.0,0.0,41560.0,22
99,2,2.0,1412600082088,6.0,0,0.0,8.0,9.0,7.0,1.0,19,7,13.0,10.0,37.0,6.0,13839.0,7
99,2,3.0,1614400234868,11.0,0,13.0,10.0,17.0,5.0,13.0,18,10,19.0,2.0,3.0,2.0,15847.0,8
99,2,11.0,1009000206490,1.0,0,21.0,10.0,7.0,12.0,5.0,5,5,33.0,0.0,0.0,0.0,9957.0,5
99,2,92.0,605400101559,1.0,0,13.0,3.0,10.0,35.0,4.0,4,3,19.0,0.0,0.0,0.0,5926.0,3
99,2,93.0,403600079040,0.0,0,21.0,4.0,4.0,0.0,8.0,4,2,18.0,0.0,0.0,0.0,3986.0,2
99,3,2.0,2623400205524,9.0,0,15.0,13.0,33.0,58.0,10.0,25,16,65.0,19.0,6.0,6.0,25741.0,13
99,3,3.0,8072001311540,34.0,0,26.0,52.0,39.0,144.0,27.0,84,50,110.0,59.0,67.0,26.0,79197.0,40
99,3,11.0,9081001229827,49.0,0,50.0,67.0,102.0,245.0,69.0,57,66,116.0,0.0,0.0,0.0,89103.0,45
99,3,12.0,1412600206098,4.0,0,0.0,12.0,16.0,41.0,8.0,8,9,19.0,0.0,0.0,0.0,13909.0,7
99,3,13.0,2018000387610,9.0,0,3.0,14.0,16.0,16.0,10.0,10,10,14.0,0.0,0.0,0.0,19914.0,10
99,3,21.0,7063000893776,39.0,0,0.0,74.0,105.0,251.0,36.0,36,36,119.0,0.0,0.0,0.0,69301.0,35
99,3,22.0,201800011495,2.0,0,0.0,9.0,1.0,1.0,1.0,1,1,2.0,0.0,0.0,0.0,2004.0,1
99,3,23.0,201800039038,0.0,0,0.0,2.0,1.0,0.0,1.0,1,2,1.0,0.0,0.0,0.0,1952.0,1
99,3,31.0,201800034201,2.0,0,0.0,2.0,1.0,0.0,4.0,2,1,5.0,0.0,0.0,0.0,2014.0,1
99,3,42.0,201800026240,1.0,0,0.0,2.0,1.0,2.0,1.0,1,1,5.0,0.0,0.0,0.0,1954.0,1
99,3,43.0,403600053703,1.0,0,0.0,4.0,9.0,20.0,2.0,2,2,1.0,0.0,0.0,0.0,3970.0,2
99,3,91.0,3228800386440,15.0,0,35.0,29.0,13.0,78.0,17.0,17,18,59.0,0.0,0.0,0.0,31779.0,16
99,3,92.0,3027000471851,17.0,0,0.0,33.0,37.0,111.0,16.0,16,16,41.0,0.0,0.0,0.0,29729.0,15
99,3,93.0,8879201595995,23.0,0,44.0,89.0,40.0,223.0,52.0,50,59,100.0,0.0,0.0,0.0,87240.0,44
99,4,1.0,201800048307,0.0,0,1.0,1.0,1.0,15.0,0.0,3,1,0.0,4.0,3.0,2.0,1936.0,1
99,4,2.0,2421600272527,9.0,0,26.0,12.0,22.0,26.0,15.0,22,16,57.0,11.0,10.0,6.0,23775.0,12
99,4,3.0,16547602629028,64.0,0,40.0,106.0,137.0,489.0,26.0,194,118,272.0,159.0,159.0,66.0,162519.0,82
99,4,11.0,47624808128893,256.0,0,86.0,409.0,602.0,1341.0,393.0,316,348,750.0,0.0,0.0,0.0,467785.0,236
99,4,12.0,4843201177622,25.0,0,0.0,38.0,41.0,193.0,25.0,25,27,72.0,0.0,0.0,0.0,47770.0,24
99,4,13.0,8677401831538,43.0,0,7.0,81.0,95.0,358.0,51.0,48,49,125.0,0.0,0.0,0.0,85371.0,43
99,4,21.0,14327802195950,75.0,0,1.0,136.0,147.0,508.0,77.0,77,81,213.0,0.0,0.0,0.0,140708.0,71
99,4,22.0,201800039734,1.0,0,0.0,2.0,1.0,0.0,1.0,1,2,0.0,0.0,0.0,0.0,1999.0,1
99,4,23.0,2018000340759,12.0,0,0.0,20.0,28.0,58.0,10.0,10,15,11.0,0.0,0.0,0.0,19815.0,10
99,4,31.0,1009000168974,0.0,0,0.0,10.0,9.0,6.0,16.0,10,7,25.0,0.0,0.0,0.0,10071.0,5
99,4,32.0,201800014798,1.0,0,0.0,2.0,7.0,14.0,1.0,1,2,5.0,0.0,0.0,0.0,2009.0,1
99,4,42.0,403600095913,2.0,0,0.0,4.0,0.0,0.0,2.0,2,2,6.0,0.0,0.0,0.0,3981.0,2
99,4,43.0,605400097483,4.0,0,0.0,6.0,16.0,13.0,3.0,3,3,6.0,0.0,0.0,0.0,5903.0,3
99,4,91.0,6255801198745,32.0,0,15.0,55.0,47.0,208.0,30.0,36,39,94.0,2.0,18.0,4.0,61576.0,31
99,4,92.0,2623400459047,9.0,0,1.0,18.0,41.0,135.0,17.0,14,14,44.0,0.0,0.0,0.0,25821.0,13
99,4,93.0,21592603928668,62.0,0,63.0,192.0,137.0,423.0,108.0,113,137,299.0,3.0,3.0,1.0,212288.0,107
