,Unnamed: 0,catv,grav,secu,Num_Acc,senc,occutc,obs,obsm,choc,manv,place,catu,sexe,trajet,locp,actp,etatp,an_nais,count
0,2,1,Indemne,Ceinture,641925887845416,3129.0,0,872.0,5872.0,10374.0,17883.0,3517.0,3365,4220,10847.0,0.0,0.0,0.0,6273748.0,3181
1,16,2,Indemne,Ceinture,539613272201637,2734.0,0,536.0,5107.0,6794.0,15358.0,3121.0,2913,3583,9365.0,0.0,0.0,0.0,5282565.0,2674
2,29,3,Indemne,Ceinture,65181408984670,331.0,0,148.0,556.0,918.0,2306.0,407.0,364,428,1054.0,0.0,0.0,0.0,638230.0,323
3,41,7,Indemne,Ceinture,12992087703495512,76806.0,0,35160.0,117871.0,203290.0,417573.0,88808.0,74742,83914,224753.0,4.0,3.0,1.0,127327093.0,64381
4,59,10,Indemne,Ceinture,1481817650979694,9133.0,0,2693.0,13429.0,22425.0,46910.0,9572.0,8350,8578,25258.0,0.0,0.0,0.0,14523740.0,7343
5,73,13,Indemne,Ceinture,89599212530215,518.0,0,147.0,822.0,1353.0,2741.0,546.0,489,491,1549.0,0.0,0.0,0.0,878386.0,444
6,82,14,Indemne,Ceinture,161036424747070,1026.0,0,220.0,1463.0,2278.0,4599.0,887.0,856,872,2935.0,0.0,0.0,0.0,1576196.0,798
7,91,15,Indemne,Ceinture,230253830147631,1585.0,0,439.0,1981.0,3652.0,5816.0,1376.0,1235,1241,4313.0,0.0,0.0,0.0,2254153.0,1141
8,101,16,Indemne,Ceinture,13722401992917,80.0,0,0.0,105.0,174.0,326.0,77.0,71,72,238.0,0.0,0.0,0.0,134468.0,68
9,108,17,Indemne,Ceinture,225410633325798,1689.0,0,396.0,1766.0,3803.0,5721.0,1323.0,1218,1224,4281.0,0.0,0.0,0.0,2206859.0,1117
10,120,20,Indemne,Ceinture,30471804466820,167.0,0,124.0,253.0,479.0,962.0,183.0,171,175,555.0,0.0,0.0,0.0,298541.0,151
11,132,21,Indemne,Ceinture,15135001213656,90.0,0,20.0,96.0,275.0,574.0,109.0,90,84,292.0,0.0,0.0,0.0,148442.0,75
12,143,30,Indemne,Ceinture,302094649462193,1658.0,0,343.0,2891.0,3772.0,9471.0,1674.0,1605,1976,5205.0,0.0,0.0,0.0,2959336.0,1497
13,155,31,Indemne,Ceinture,337813255695838,2035.0,0,527.0,3237.0,4805.0,10070.0,1993.0,1815,2198,5659.0,0.0,0.0,0.0,3308417.0,1674
14,167,32,Indemne,Ceinture,253259047084374,1484.0,0,321.0,2445.0,3569.0,8105.0,1391.0,1334,1616,4225.0,0.0,0.0,0.0,2481749.0,1255
15,178,33,Indemne,Ceinture,1126044167205779,6853.0,0,1855.0,10756.0,15626.0,32277.0,6655.0,6138,7310,18856.0,0.0,0.0,0.0,11026366.0,5580
16,192,34,Indemne,Ceinture,236509642436352,1410.0,0,428.0,2269.0,3345.0,7270.0,1368.0,1275,1498,3832.0,0.0,0.0,0.0,2317442.0,1172
17,204,35,Indemne,Ceinture,2623400289473,11.0,0,0.0,26.0,52.0,79.0,15.0,15,20,50.0,0.0,0.0,0.0,25629.0,13
18,209,36,Indemne,Ceinture,7870200642550,38.0,0,14.0,68.0,109.0,339.0,49.0,44,49,165.0,0.0,0.0,0.0,77234.0,39
19,219,37,Indemne,Ceinture,144287022615564,801.0,8277,373.0,1194.0,2370.0,4492.0,1239.0,844,866,2767.0,0.0,0.0,0.0,1414711.0,715
20,230,38,Indemne,Ceinture,71235406678613,440.0,8014,427.0,497.0,1217.0,1765.0,1226.0,532,470,1541.0,0.0,0.0,0.0,701184.0,353
21,239,39,Indemne,Ceinture,807200107784,1.0,351,0.0,9.0,5.0,4.0,4.0,4,4,17.0,0.0,0.0,0.0,7928.0,4
22,247,40,Indemne,Ceinture,10897201572342,54.0,1000,0.0,103.0,117.0,71.0,77.0,66,70,226.0,0.0,0.0,0.0,106815.0,54
23,256,99,Indemne,Ceinture,88792015153799,431.0,0,102.0,789.0,1048.0,2673.0,529.0,485,556,1460.0,0.0,0.0,0.0,870204.0,440
24,282,3,Tué,Ceinture,4237800448167,26.0,0,45.0,30.0,73.0,157.0,27.0,27,29,82.0,0.0,0.0,0.0,41068.0,21
25,289,7,Tué,Ceinture,344069029126803,2298.0,0,3784.0,2415.0,4914.0,10754.0,2611.0,2117,2286,6420.0,0.0,0.0,0.0,3354672.0,1705
26,306,10,Tué,Ceinture,24417801899824,181.0,0,254.0,179.0,325.0,709.0,150.0,143,158,497.0,0.0,0.0,0.0,238090.0,121
27,320,13,Tué,Ceinture,3430600278825,27.0,0,13.0,37.0,37.0,62.0,18.0,18,21,57.0,0.0,0.0,0.0,33544.0,17
28,325,14,Tué,Ceinture,9484600739431,66.0,0,28.0,78.0,107.0,139.0,65.0,55,59,170.0,0.0,0.0,0.0,92670.0,47
29,336,15,Tué,Ceinture,20180001607940,151.0,0,89.0,171.0,237.0,382.0,134.0,119,119,367.0,0.0,0.0,0.0,196985.0,100
30,346,16,Tué,Ceinture,605400040634,5.0,0,0.0,4.0,7.0,25.0,4.0,4,4,6.0,0.0,0.0,0.0,5934.0,3
31,350,17,Tué,Ceinture,19171001908568,141.0,0,103.0,144.0,234.0,387.0,132.0,112,131,350.0,0.0,0.0,0.0,187255.0,95
32,361,20,Tué,Ceinture,403600050639,3.0,0,0.0,4.0,4.0,2.0,2.0,2,3,10.0,0.0,0.0,0.0,3893.0,2
33,368,21,Tué,Ceinture,807200049462,4.0,0,6.0,8.0,6.0,16.0,5.0,5,6,6.0,0.0,0.0,0.0,7826.0,4
34,379,31,Tué,Ceinture,201800013424,1.0,0,0.0,2.0,3.0,9.0,2.0,2,2,5.0,0.0,0.0,0.0,1926.0,1
35,387,33,Tué,Ceinture,2623400303461,21.0,0,13.0,24.0,12.0,30.0,16.0,16,15,49.0,0.0,0.0,0.0,25492.0,13
36,403,37,Tué,Ceinture,2018000270581,8.0,117,3.0,20.0,28.0,13.0,11.0,11,14,31.0,0.0,0.0,0.0,19720.0,10
37,410,38,Tué,Ceinture,1210800058907,8.0,66,13.0,12.0,10.0,6.0,6.0,6,9,20.0,0.0,0.0,0.0,11858.0,6
38,416,39,Tué,Ceinture,1009000143620,7.0,58,0.0,8.0,12.0,5.0,7.0,7,7,23.0,0.0,0.0,0.0,9805.0,5
39,422,99,Tué,Ceinture,1009000206490,1.0,0,21.0,10.0,7.0,12.0,5.0,5,5,33.0,0.0,0.0,0.0,9957.0,5
40,427,1,Blessé hospitalisé,Ceinture,1009000091791,5.0,0,1.0,8.0,16.0,27.0,5.0,5,8,16.0,0.0,0.0,0.0,9758.0,5
41,439,2,Blessé hospitalisé,Ceinture,1009000193428,7.0,0,0.0,10.0,21.0,17.0,9.0,7,8,15.0,0.0,0.0,0.0,9937.0,5
42,450,3,Blessé hospitalisé,Ceinture,16547601514667,94.0,0,118.0,114.0,229.0,444.0,112.0,100,107,317.0,0.0,0.0,0.0,161330.0,82
43,460,7,Blessé hospitalisé,Ceinture,2300116615724215,14226.0,0,23772.0,16880.0,31114.0,69845.0,19392.0,14912,16634,42005.0,0.0,0.0,0.0,22502289.0,11398
44,478,10,Blessé hospitalisé,Ceinture,171933617926991,1131.0,0,1079.0,1333.0,2306.0,5151.0,1371.0,1095,1162,2996.0,0.0,0.0,0.0,1679865.0,852
45,493,13,Blessé hospitalisé,Ceinture,16345801736782,88.0,0,54.0,130.0,273.0,527.0,123.0,101,118,249.0,0.0,0.0,0.0,159667.0,81
46,504,14,Blessé hospitalisé,Ceinture,27041203164259,194.0,0,249.0,188.0,404.0,566.0,196.0,165,176,466.0,0.0,0.0,0.0,264029.0,134
47,515,15,Blessé hospitalisé,Ceinture,52669804956458,351.0,0,336.0,393.0,875.0,1319.0,358.0,308,340,946.0,0.0,0.0,0.0,515830.0,261
48,526,16,Blessé hospitalisé,Ceinture,1816200178973,13.0,0,0.0,10.0,24.0,65.0,12.0,12,10,23.0,0.0,0.0,0.0,17803.0,9
49,532,17,Blessé hospitalisé,Ceinture,57109404974178,416.0,0,261.0,373.0,1031.0,1192.0,432.0,353,354,1035.0,0.0,0.0,0.0,559058.0,283
50,543,20,Blessé hospitalisé,Ceinture,4036000466730,23.0,0,28.0,26.0,58.0,133.0,26.0,26,28,62.0,0.0,0.0,0.0,39404.0,20
51,553,21,Blessé hospitalisé,Ceinture,10090000696066,53.0,0,12.0,76.0,165.0,356.0,86.0,63,73,199.0,0.0,0.0,0.0,98555.0,50
52,562,30,Blessé hospitalisé,Ceinture,605400068284,4.0,0,26.0,6.0,12.0,37.0,4.0,4,5,10.0,0.0,0.0,0.0,5890.0,3
53,572,31,Blessé hospitalisé,Ceinture,605400082102,4.0,0,0.0,6.0,3.0,33.0,4.0,4,5,13.0,0.0,0.0,0.0,5893.0,3
54,582,32,Blessé hospitalisé,Ceinture,1614400216589,10.0,0,0.0,16.0,13.0,43.0,8.0,8,12,21.0,0.0,0.0,0.0,15830.0,8
55,591,33,Blessé hospitalisé,Ceinture,8072000861848,61.0,0,28.0,72.0,72.0,211.0,47.0,47,65,141.0,0.0,0.0,0.0,78826.0,40
56,604,34,Blessé hospitalisé,Ceinture,403600040175,2.0,0,0.0,4.0,2.0,2.0,2.0,2,3,1.0,0.0,0.0,0.0,3930.0,2
57,625,37,Blessé hospitalisé,Ceinture,10493601641707,62.0,1386,22.0,98.0,162.0,268.0,85.0,69,72,185.0,0.0,0.0,0.0,102841.0,52
58,637,38,Blessé hospitalisé,Ceinture,11099000937867,69.0,1375,135.0,61.0,191.0,254.0,164.0,77,77,207.0,0.0,0.0,0.0,109015.0,55
59,645,39,Blessé hospitalisé,Ceinture,1412600118702,7.0,304,0.0,14.0,15.0,7.0,16.0,9,10,18.0,0.0,0.0,0.0,13675.0,7
60,648,40,Blessé hospitalisé,Ceinture,1412600204278,5.0,96,0.0,14.0,11.0,5.0,8.0,8,11,11.0,0.0,0.0,0.0,13757.0,7
61,655,99,Blessé hospitalisé,Ceinture,9081001229827,49.0,0,50.0,67.0,102.0,245.0,69.0,57,66,116.0,0.0,0.0,0.0,89103.0,45
62,669,1,Blessé léger,Ceinture,14327801633379,72.0,0,30.0,136.0,227.0,348.0,90.0,81,105,264.0,0.0,0.0,0.0,140000.0,71
63,685,2,Blessé léger,Ceinture,20785402525190,109.0,0,0.0,216.0,212.0,592.0,164.0,125,153,402.0,0.0,0.0,0.0,204018.0,103
64,698,3,Blessé léger,Ceinture,40158205323635,216.0,0,243.0,294.0,554.0,1202.0,260.0,241,296,626.0,0.0,0.0,0.0,393727.0,199
65,711,7,Blessé léger,Ceinture,8461475231225731,50879.0,0,44631.0,72559.0,124385.0,239493.0,67452.0,54953,63059,146643.0,0.0,0.0,0.0,83025070.0,41930
66,729,10,Blessé léger,Ceinture,878031945022346,5461.0,0,3679.0,7790.0,11927.0,23775.0,6769.0,5601,6156,14653.0,0.0,0.0,0.0,8613218.0,4351
67,745,13,Blessé léger,Ceinture,50450007927881,274.0,0,231.0,454.0,705.0,1560.0,403.0,317,341,879.0,0.0,0.0,0.0,494789.0,250
68,759,14,Blessé léger,Ceinture,86572213846284,545.0,0,402.0,762.0,1134.0,2317.0,575.0,515,582,1545.0,0.0,0.0,0.0,848005.0,429
69,774,15,Blessé léger,Ceinture,124308818670506,851.0,0,307.0,1085.0,1888.0,3432.0,896.0,762,850,2338.0,0.0,0.0,0.0,1217177.0,616
70,786,16,Blessé léger,Ceinture,7870201314912,55.0,0,0.0,74.0,76.0,198.0,51.0,50,57,134.0,0.0,0.0,0.0,77094.0,39
71,791,17,Blessé léger,Ceinture,129555620363771,907.0,0,481.0,1046.0,2137.0,3896.0,1091.0,828,870,2406.0,0.0,0.0,0.0,1270144.0,642
72,801,20,Blessé léger,Ceinture,17153002765079,86.0,0,137.0,129.0,249.0,597.0,127.0,110,108,234.0,0.0,0.0,0.0,168432.0,85
73,811,21,Blessé léger,Ceinture,6659400483086,29.0,0,14.0,46.0,108.0,233.0,54.0,41,48,130.0,0.0,0.0,0.0,65348.0,33
74,819,30,Blessé léger,Ceinture,11099001767680,65.0,0,15.0,114.0,133.0,417.0,67.0,64,78,191.0,0.0,0.0,0.0,108985.0,55
75,831,31,Blessé léger,Ceinture,14933202283708,78.0,0,26.0,132.0,231.0,450.0,116.0,92,112,236.0,0.0,0.0,0.0,146633.0,74
76,843,32,Blessé léger,Ceinture,13117001993321,59.0,0,1.0,122.0,173.0,318.0,89.0,79,92,167.0,0.0,0.0,0.0,126948.0,65
77,855,33,Blessé léger,Ceinture,82334410055605,500.0,0,207.0,802.0,860.0,2315.0,578.0,499,631,1365.0,0.0,0.0,0.0,806736.0,408
78,869,34,Blessé léger,Ceinture,15740402471109,85.0,0,80.0,140.0,200.0,673.0,111.0,98,125,253.0,0.0,0.0,0.0,154553.0,78
79,885,36,Blessé léger,Ceinture,1412600149965,8.0,0,0.0,14.0,13.0,37.0,8.0,8,11,17.0,0.0,0.0,0.0,13785.0,7
80,891,37,Blessé léger,Ceinture,72244410467626,351.0,5162,337.0,613.0,1145.0,2283.0,1035.0,534,528,1500.0,0.0,0.0,0.0,709751.0,358
81,905,38,Blessé léger,Ceinture,33498804161283,190.0,3985,334.0,224.0,534.0,708.0,640.0,273,242,645.0,0.0,0.0,0.0,329916.0,166
82,913,39,Blessé léger,Ceinture,2018000130318,11.0,300,6.0,20.0,22.0,10.0,26.0,14,14,23.0,0.0,0.0,0.0,19598.0,10
83,919,40,Blessé léger,Ceinture,8273801328518,47.0,702,0.0,82.0,65.0,55.0,62.0,55,63,136.0,0.0,0.0,0.0,80924.0,41
84,928,99,Blessé léger,Ceinture,47624808128893,256.0,0,86.0,409.0,602.0,1341.0,393.0,316,348,750.0,0.0,0.0,0.0,467785.0,236
85,5,1,Indemne,Casque,54687809609019,288.0,0,38.0,500.0,848.0,1569.0,281.0,277,284,1064.0,0.0,0.0,0.0,536651.0,271
86,19,2,Indemne,Casque,85563212875165,447.0,0,221.0,649.0,1186.0,2502.0,502.0,499,464,1694.0,0.0,0.0,0.0,845017.0,424
87,32,3,Indemne,Casque,403600066500,3.0,0,0.0,4.0,5.0,25.0,3.0,3,3,14.0,0.0,0.0,0.0,3949.0,2
88,44,7,Indemne,Casque,132582622382158,794.0,0,75.0,1272.0,2347.0,5901.0,803.0,792,741,2545.0,0.0,0.0,0.0,1304261.0,657
89,62,10,Indemne,Casque,11906202384492,66.0,0,1.0,112.0,249.0,572.0,81.0,78,69,193.0,0.0,0.0,0.0,117210.0,59
90,85,14,Indemne,Casque,1210800161374,5.0,0,0.0,10.0,17.0,75.0,8.0,8,7,27.0,0.0,0.0,0.0,11889.0,6
91,94,15,Indemne,Casque,807200062043,7.0,0,0.0,8.0,9.0,16.0,4.0,4,4,16.0,0.0,0.0,0.0,7940.0,4
92,103,16,Indemne,Casque,403600077671,4.0,0,0.0,4.0,2.0,33.0,2.0,2,2,10.0,0.0,0.0,0.0,3969.0,2
93,111,17,Indemne,Casque,807200160063,4.0,0,16.0,6.0,14.0,49.0,5.0,5,6,20.0,0.0,0.0,0.0,7911.0,4
94,123,20,Indemne,Casque,201800018807,2.0,0,0.0,0.0,4.0,15.0,1.0,1,1,5.0,0.0,0.0,0.0,1954.0,1
95,135,21,Indemne,Casque,201800017832,2.0,0,0.0,2.0,6.0,15.0,2.0,2,2,5.0,0.0,0.0,0.0,1961.0,1
96,146,30,Indemne,Casque,79912814845461,431.0,0,126.0,616.0,992.0,2475.0,465.0,462,430,1385.0,0.0,0.0,0.0,789225.0,396
97,158,31,Indemne,Casque,53073410322808,321.0,0,74.0,405.0,690.0,1625.0,298.0,292,286,929.0,0.0,0.0,0.0,517482.0,263
98,170,32,Indemne,Casque,57311211843356,361.0,0,72.0,462.0,827.0,1697.0,310.0,310,313,968.0,0.0,0.0,0.0,562995.0,284
99,181,33,Indemne,Casque,160632825326052,993.0,0,436.0,1264.0,2355.0,5023.0,861.0,860,875,2877.0,0.0,0.0,0.0,1575648.0,796
100,195,34,Indemne,Casque,59934612009082,359.0,0,101.0,455.0,797.0,1979.0,321.0,321,313,845.0,0.0,0.0,0.0,587904.0,297
101,205,35,Indemne,Casque,403600004438,3.0,0,2.0,1.0,5.0,2.0,2.0,2,2,6.0,0.0,0.0,0.0,3993.0,2
102,212,36,Indemne,Casque,3027000298220,16.0,0,33.0,13.0,33.0,84.0,17.0,17,16,63.0,0.0,0.0,0.0,29727.0,15
103,222,37,Indemne,Casque,605400093595,3.0,911,10.0,4.0,8.0,25.0,3.0,3,3,10.0,0.0,0.0,0.0,5957.0,3
104,233,38,Indemne,Casque,807200133541,5.0,1,0.0,8.0,9.0,15.0,4.0,4,5,15.0,0.0,0.0,0.0,7920.0,4
105,242,39,Indemne,Casque,201800003115,0.0,1,0.0,2.0,7.0,1.0,1.0,1,2,5.0,0.0,0.0,0.0,2003.0,1
106,259,99,Indemne,Casque,4036000824905,16.0,0,0.0,38.0,28.0,149.0,22.0,22,20,44.0,0.0,0.0,0.0,39667.0,20
107,266,1,Tué,Casque,15538601436243,81.0,0,90.0,98.0,223.0,421.0,77.0,77,84,330.0,0.0,0.0,0.0,150797.0,77
108,277,2,Tué,Casque,21592602005689,104.0,0,269.0,139.0,210.0,520.0,113.0,113,118,414.0,0.0,0.0,0.0,212575.0,107
109,285,3,Tué,Casque,807200028482,6.0,0,0.0,8.0,8.0,60.0,5.0,5,6,6.0,0.0,0.0,0.0,7893.0,4
110,292,7,Tué,Casque,94038809014024,575.0,0,134.0,1080.0,1581.0,3723.0,489.0,489,496,1597.0,0.0,0.0,0.0,921817.0,466
111,309,10,Tué,Casque,10493601101782,59.0,0,0.0,103.0,165.0,448.0,53.0,53,56,146.0,0.0,0.0,0.0,102725.0,52
112,322,13,Tué,Casque,201800017544,1.0,0,0.0,0.0,3.0,1.0,1.0,1,2,1.0,0.0,0.0,0.0,1980.0,1
113,328,14,Tué,Casque,5045000510343,32.0,0,0.0,67.0,91.0,225.0,27.0,26,28,72.0,0.0,0.0,0.0,49372.0,25
114,339,15,Tué,Casque,4237800448703,34.0,0,17.0,41.0,83.0,96.0,21.0,21,23,70.0,0.0,0.0,0.0,41435.0,21
115,347,16,Tué,Casque,403600077492,1.0,0,0.0,4.0,5.0,17.0,2.0,2,3,6.0,0.0,0.0,0.0,3960.0,2
116,353,17,Tué,Casque,1816200274532,11.0,0,0.0,16.0,43.0,53.0,9.0,9,11,21.0,0.0,0.0,0.0,17812.0,9
117,364,20,Tué,Casque,1210800135188,5.0,0,0.0,21.0,26.0,24.0,6.0,6,6,21.0,0.0,0.0,0.0,11842.0,6
118,370,21,Tué,Casque,3632400227565,14.0,0,0.0,34.0,89.0,154.0,18.0,18,20,52.0,0.0,0.0,0.0,35614.0,18
119,375,30,Tué,Casque,5045000554398,23.0,0,86.0,24.0,46.0,144.0,26.0,26,31,66.0,0.0,0.0,0.0,49502.0,25
120,380,31,Tué,Casque,13318801600612,80.0,0,168.0,90.0,169.0,325.0,70.0,70,68,206.0,0.0,0.0,0.0,130613.0,66
121,383,32,Tué,Casque,8072001014978,56.0,0,128.0,52.0,87.0,246.0,42.0,42,43,111.0,0.0,0.0,0.0,79176.0,40
122,388,33,Tué,Casque,103523409751836,663.0,0,1163.0,758.0,1061.0,2528.0,533.0,532,546,1769.0,0.0,0.0,0.0,1014895.0,513
123,395,34,Tué,Casque,5852200629364,30.0,0,108.0,25.0,83.0,189.0,29.0,29,29,87.0,0.0,0.0,0.0,57221.0,29
124,400,36,Tué,Casque,1816200188603,8.0,0,27.0,6.0,21.0,66.0,10.0,10,9,35.0,0.0,0.0,0.0,17820.0,9
125,405,37,Tué,Casque,1412600145988,7.0,13,0.0,14.0,30.0,35.0,8.0,8,8,18.0,0.0,0.0,0.0,13925.0,7
126,412,38,Tué,Casque,605400048230,4.0,66,0.0,6.0,15.0,1.0,3.0,3,4,5.0,0.0,0.0,0.0,5953.0,3
127,428,1,Blessé hospitalisé,Casque,160834615149786,822.0,0,531.0,1474.0,2485.0,3655.0,799.0,799,896,3451.0,0.0,0.0,0.0,1566142.0,797
128,441,2,Blessé hospitalisé,Casque,304718031389535,1478.0,0,2223.0,2258.0,3732.0,7734.0,1654.0,1653,1697,5458.0,0.0,0.0,0.0,3007049.0,1510
129,453,3,Blessé hospitalisé,Casque,5246800720670,35.0,0,12.0,62.0,83.0,333.0,27.0,27,28,77.0,0.0,0.0,0.0,51461.0,26
130,463,7,Blessé hospitalisé,Casque,971868914572556,5185.0,0,612.0,10159.0,17150.0,46642.0,5222.0,5214,5384,15846.0,0.0,0.0,0.0,9544324.0,4816
131,481,10,Blessé hospitalisé,Casque,99689213438730,564.0,0,58.0,1058.0,2004.0,4573.0,521.0,521,538,1564.0,0.0,0.0,0.0,978848.0,494
132,496,13,Blessé hospitalisé,Casque,5045000597700,22.0,0,0.0,54.0,104.0,252.0,27.0,27,27,78.0,0.0,0.0,0.0,49565.0,25
133,507,14,Blessé hospitalisé,Casque,11704401331031,55.0,0,1.0,128.0,202.0,416.0,63.0,62,62,197.0,0.0,0.0,0.0,114752.0,58
134,518,15,Blessé hospitalisé,Casque,9282800986579,43.0,0,16.0,70.0,160.0,423.0,51.0,51,52,135.0,0.0,0.0,0.0,91058.0,46
135,529,16,Blessé hospitalisé,Casque,807200069006,1.0,0,0.0,4.0,14.0,46.0,5.0,5,4,11.0,0.0,0.0,0.0,7936.0,4
136,535,17,Blessé hospitalisé,Casque,8677401280275,52.0,0,0.0,84.0,197.0,302.0,46.0,46,45,126.0,0.0,0.0,0.0,85037.0,43
137,546,20,Blessé hospitalisé,Casque,3027000312572,12.0,0,4.0,20.0,51.0,120.0,17.0,17,17,52.0,0.0,0.0,0.0,29717.0,15
138,556,21,Blessé hospitalisé,Casque,13117000873207,64.0,0,0.0,130.0,299.0,644.0,72.0,72,70,255.0,0.0,0.0,0.0,128635.0,65
139,564,30,Blessé hospitalisé,Casque,120272816195550,606.0,0,1019.0,927.0,1470.0,3214.0,647.0,647,674,2001.0,0.0,0.0,0.0,1185936.0,596
140,574,31,Blessé hospitalisé,Casque,160229219764338,873.0,0,1097.0,1306.0,2104.0,4523.0,853.0,849,890,2557.0,0.0,0.0,0.0,1573856.0,794
141,584,32,Blessé hospitalisé,Casque,82738012092711,448.0,0,644.0,652.0,1098.0,2424.0,447.0,444,449,1253.0,0.0,0.0,0.0,811366.0,410
142,594,33,Blessé hospitalisé,Casque,711950475374745,4143.0,0,6462.0,5200.0,9266.0,19413.0,3818.0,3817,3913,12348.0,0.0,0.0,0.0,6980807.0,3528
143,607,34,Blessé hospitalisé,Casque,91617213267765,522.0,0,723.0,728.0,1345.0,2950.0,501.0,498,491,1203.0,0.0,0.0,0.0,898671.0,454
144,614,35,Blessé hospitalisé,Casque,2623400205300,13.0,0,46.0,8.0,37.0,105.0,15.0,15,17,55.0,0.0,0.0,0.0,25832.0,13
145,617,36,Blessé hospitalisé,Casque,14731401242136,56.0,0,287.0,40.0,167.0,454.0,88.0,88,88,354.0,0.0,0.0,0.0,144450.0,73
146,628,37,Blessé hospitalisé,Casque,6861201114106,29.0,151,3.0,60.0,139.0,255.0,36.0,36,34,87.0,0.0,0.0,0.0,67625.0,34
147,640,38,Blessé hospitalisé,Casque,2825200357083,15.0,145,0.0,22.0,37.0,125.0,14.0,14,15,55.0,0.0,0.0,0.0,27786.0,14
148,646,39,Blessé hospitalisé,Casque,201800003115,0.0,1,0.0,2.0,7.0,1.0,2.0,2,2,5.0,0.0,0.0,0.0,2001.0,1
149,658,99,Blessé hospitalisé,Casque,7063000893776,39.0,0,0.0,74.0,105.0,251.0,36.0,36,36,119.0,0.0,0.0,0.0,69301.0,35
150,672,1,Blessé léger,Casque,296847846695801,1529.0,0,555.0,2730.0,4667.0,6697.0,1490.0,1490,1790,5199.0,0.0,0.0,0.0,2907669.0,1471
151,687,2,Blessé léger,Casque,470194073159221,2364.0,0,1447.0,3855.0,6431.0,12829.0,2652.0,2611,2762,7824.0,0.0,0.0,0.0,4640628.0,2330
152,701,3,Blessé léger,Casque,8072001076538,35.0,0,0.0,78.0,112.0,376.0,41.0,41,44,141.0,0.0,0.0,0.0,79411.0,40
153,714,7,Blessé léger,Casque,1865843119099601,10585.0,0,1091.0,18977.0,34100.0,88783.0,10212.0,10113,10639,28674.0,0.0,0.0,0.0,18338957.0,9246
154,732,10,Blessé léger,Casque,239738445383093,1389.0,0,89.0,2451.0,4532.0,11464.0,1288.0,1286,1359,3428.0,0.0,0.0,0.0,2355061.0,1188
155,748,13,Blessé léger,Casque,10291801764708,59.0,0,6.0,90.0,186.0,441.0,53.0,53,60,158.0,0.0,0.0,0.0,100915.0,51
156,762,14,Blessé léger,Casque,16547602878351,97.0,0,29.0,149.0,313.0,782.0,91.0,90,91,239.0,0.0,0.0,0.0,162412.0,82
157,777,15,Blessé léger,Casque,10291801757227,63.0,0,17.0,92.0,199.0,397.0,57.0,57,57,181.0,0.0,0.0,0.0,100679.0,51
158,788,16,Blessé léger,Casque,605400139072,4.0,0,0.0,6.0,16.0,16.0,3.0,3,3,3.0,0.0,0.0,0.0,5946.0,3
159,794,17,Blessé léger,Casque,6861201403266,48.0,0,17.0,60.0,164.0,217.0,35.0,35,38,68.0,0.0,0.0,0.0,67422.0,34
160,804,20,Blessé léger,Casque,3228800380647,21.0,0,0.0,39.0,51.0,125.0,17.0,17,17,41.0,0.0,0.0,0.0,31628.0,16
161,814,21,Blessé léger,Casque,4641400296321,20.0,0,0.0,33.0,95.0,173.0,27.0,27,27,82.0,0.0,0.0,0.0,45536.0,23
162,822,30,Blessé léger,Casque,392097468514227,2208.0,0,1258.0,3135.0,5191.0,12147.0,2179.0,2169,2285,6340.0,0.0,0.0,0.0,3868718.0,1943
163,833,31,Blessé léger,Casque,298462254859726,1813.0,0,1078.0,2476.0,4431.0,9135.0,1607.0,1595,1702,4505.0,0.0,0.0,0.0,2932142.0,1479
164,846,32,Blessé léger,Casque,295637057940869,1741.0,0,835.0,2528.0,4578.0,9498.0,1618.0,1600,1734,4389.0,0.0,0.0,0.0,2899979.0,1465
165,858,33,Blessé léger,Casque,919400955039494,5686.0,0,4081.0,7489.0,14439.0,26238.0,5049.0,5015,5152,14257.0,0.0,0.0,0.0,9022684.0,4556
166,872,34,Blessé léger,Casque,240949245941453,1462.0,0,910.0,2065.0,3509.0,7326.0,1338.0,1322,1324,3469.0,0.0,0.0,0.0,2359962.0,1194
167,881,35,Blessé léger,Casque,1816200183292,10.0,0,30.0,10.0,26.0,44.0,10.0,10,11,30.0,0.0,0.0,0.0,17763.0,9
168,886,36,Blessé léger,Casque,10090000913079,41.0,0,119.0,49.0,108.0,305.0,62.0,62,60,222.0,0.0,0.0,0.0,99101.0,50
169,894,37,Blessé léger,Casque,12713402246475,71.0,419,1.0,118.0,251.0,601.0,66.0,66,72,155.0,0.0,0.0,0.0,125098.0,63
170,908,38,Blessé léger,Casque,3228800663426,13.0,92,0.0,32.0,60.0,146.0,19.0,19,18,77.0,0.0,0.0,0.0,31776.0,16
171,921,40,Blessé léger,Casque,1412600244780,9.0,262,0.0,14.0,17.0,8.0,7.0,7,7,25.0,0.0,0.0,0.0,13922.0,7
172,931,99,Blessé léger,Casque,14327802195950,75.0,0,1.0,136.0,147.0,508.0,77.0,77,81,213.0,0.0,0.0,0.0,140708.0,71
173,8,1,Indemne,Dispositif enfants,807200154053,7.0,0,0.0,8.0,10.0,6.0,15.0,8,4,20.0,0.0,0.0,0.0,8054.0,4
174,22,2,Indemne,Dispositif enfants,3632400450041,23.0,0,1.0,34.0,45.0,99.0,102.0,36,31,88.0,0.0,0.0,0.0,36273.0,18
175,35,3,Indemne,Dispositif enfants,605400090457,2.0,0,0.0,6.0,4.0,12.0,8.0,6,4,13.0,0.0,0.0,0.0,6045.0,3
176,47,7,Indemne,Dispositif enfants,165677819765106,1034.0,0,770.0,1380.0,2490.0,5330.0,4230.0,1642,1217,3696.0,0.0,0.0,0.0,1653760.0,821
177,65,10,Indemne,Dispositif enfants,12511601790028,88.0,0,53.0,111.0,194.0,362.0,284.0,124,92,264.0,0.0,0.0,0.0,124893.0,62
178,77,13,Indemne,Dispositif enfants,1210800141480,6.0,0,6.0,8.0,28.0,30.0,27.0,12,9,0.0,0.0,0.0,0.0,12066.0,6
179,86,14,Indemne,Dispositif enfants,605400070315,4.0,0,0.0,4.0,15.0,25.0,15.0,6,5,15.0,0.0,0.0,0.0,6040.0,3
180,95,15,Indemne,Dispositif enfants,1009000102909,4.0,0,0.0,9.0,14.0,30.0,26.0,10,7,18.0,0.0,0.0,0.0,10079.0,5
181,113,17,Indemne,Dispositif enfants,1816200120401,9.0,0,0.0,12.0,41.0,23.0,59.0,18,15,49.0,0.0,0.0,0.0,18145.0,9
182,149,30,Indemne,Dispositif enfants,605400036274,3.0,0,0.0,6.0,5.0,29.0,13.0,6,4,15.0,0.0,0.0,0.0,6048.0,3
183,160,31,Indemne,Dispositif enfants,807200057999,4.0,0,0.0,8.0,4.0,5.0,23.0,8,6,15.0,0.0,0.0,0.0,8062.0,4
184,173,32,Indemne,Dispositif enfants,605400063236,5.0,0,0.0,6.0,16.0,23.0,13.0,6,5,10.0,0.0,0.0,0.0,6048.0,3
185,184,33,Indemne,Dispositif enfants,4641400492732,27.0,0,2.0,46.0,76.0,161.0,123.0,46,33,99.0,0.0,0.0,0.0,46336.0,23
186,198,34,Indemne,Dispositif enfants,807200172674,3.0,0,0.0,8.0,10.0,20.0,14.0,8,5,15.0,0.0,0.0,0.0,8062.0,4
187,224,37,Indemne,Dispositif enfants,1009000122185,5.0,49,0.0,8.0,17.0,5.0,20.0,10,7,19.0,0.0,0.0,0.0,10085.0,5
188,234,38,Indemne,Dispositif enfants,403600049021,1.0,2,0.0,4.0,4.0,2.0,12.0,4,2,14.0,0.0,0.0,0.0,4028.0,2
189,295,7,Tué,Dispositif enfants,4843200241957,36.0,0,40.0,34.0,70.0,159.0,137.0,48,33,91.0,0.0,0.0,0.0,48343.0,24
190,312,10,Tué,Dispositif enfants,201800021922,2.0,0,0.0,2.0,1.0,21.0,9.0,2,2,5.0,0.0,0.0,0.0,2012.0,1
191,331,14,Tué,Dispositif enfants,403600044422,2.0,0,0.0,4.0,4.0,28.0,6.0,4,3,7.0,0.0,0.0,0.0,4028.0,2
192,356,17,Tué,Dispositif enfants,201800016470,2.0,0,0.0,2.0,1.0,1.0,4.0,2,2,5.0,0.0,0.0,0.0,2014.0,1
193,466,7,Blessé hospitalisé,Dispositif enfants,39149203473815,281.0,0,265.0,280.0,550.0,1268.0,1108.0,388,272,887.0,0.0,0.0,0.0,390760.0,194
194,484,10,Blessé hospitalisé,Dispositif enfants,4036000397603,30.0,0,4.0,32.0,45.0,169.0,133.0,40,25,102.0,0.0,0.0,0.0,40265.0,20
195,510,14,Blessé hospitalisé,Dispositif enfants,403600006893,4.0,0,0.0,2.0,7.0,10.0,11.0,4,3,8.0,0.0,0.0,0.0,4034.0,2
196,520,15,Blessé hospitalisé,Dispositif enfants,403600020488,3.0,0,0.0,4.0,7.0,3.0,11.0,4,2,10.0,0.0,0.0,0.0,4028.0,2
197,537,17,Blessé hospitalisé,Dispositif enfants,807200079444,7.0,0,3.0,6.0,4.0,5.0,15.0,8,5,18.0,0.0,0.0,0.0,8060.0,4
198,547,20,Blessé hospitalisé,Dispositif enfants,201800003200,2.0,0,0.0,0.0,6.0,2.0,9.0,2,2,2.0,0.0,0.0,0.0,2016.0,1
199,661,99,Blessé hospitalisé,Dispositif enfants,201800034201,2.0,0,0.0,2.0,1.0,0.0,4.0,2,1,5.0,0.0,0.0,0.0,2014.0,1
200,675,1,Blessé léger,Dispositif enfants,201800027414,1.0,0,0.0,0.0,1.0,1.0,2.0,2,1,9.0,0.0,0.0,0.0,2016.0,1
201,690,2,Blessé léger,Dispositif enfants,403600015664,3.0,0,0.0,4.0,9.0,1.0,8.0,4,3,11.0,0.0,0.0,0.0,4028.0,2
202,704,3,Blessé léger,Dispositif enfants,403600082428,3.0,0,0.0,4.0,4.0,16.0,4.0,4,2,10.0,0.0,0.0,0.0,4026.0,2
203,717,7,Blessé léger,Dispositif enfants,172740827846423,1064.0,0,974.0,1519.0,2642.0,4911.0,3456.0,1712,1267,3617.0,0.0,0.0,0.0,1723989.0,856
204,735,10,Blessé léger,Dispositif enfants,12713402277497,86.0,0,31.0,120.0,159.0,389.0,220.0,126,92,244.0,0.0,0.0,0.0,126918.0,63
205,751,13,Blessé léger,Dispositif enfants,201800042085,1.0,0,0.0,2.0,2.0,17.0,5.0,2,2,9.0,0.0,0.0,0.0,2013.0,1
206,765,14,Blessé léger,Dispositif enfants,403600094996,4.0,0,0.0,4.0,3.0,14.0,6.0,4,2,10.0,0.0,0.0,0.0,4027.0,2
207,779,15,Blessé léger,Dispositif enfants,1614400194992,12.0,0,0.0,16.0,18.0,55.0,50.0,16,12,32.0,0.0,0.0,0.0,16115.0,8
208,796,17,Blessé léger,Dispositif enfants,1614400284093,16.0,0,5.0,8.0,19.0,31.0,43.0,16,13,43.0,0.0,0.0,0.0,16107.0,8
209,806,20,Blessé léger,Dispositif enfants,403600048159,2.0,0,3.0,2.0,4.0,32.0,4.0,4,3,9.0,0.0,0.0,0.0,4035.0,2
210,836,31,Blessé léger,Dispositif enfants,403600049162,1.0,0,0.0,2.0,12.0,3.0,6.0,4,3,9.0,0.0,0.0,0.0,4030.0,2
211,849,32,Blessé léger,Dispositif enfants,403600105022,3.0,0,0.0,4.0,5.0,3.0,5.0,4,3,5.0,0.0,0.0,0.0,4035.0,2
212,861,33,Blessé léger,Dispositif enfants,2421600332678,13.0,0,0.0,24.0,30.0,82.0,57.0,24,17,27.0,0.0,0.0,0.0,24174.0,12
213,875,34,Blessé léger,Dispositif enfants,201800040185,1.0,0,0.0,2.0,1.0,1.0,2.0,2,1,0.0,0.0,0.0,0.0,2017.0,1
214,897,37,Blessé léger,Dispositif enfants,403600078400,2.0,12,0.0,4.0,7.0,24.0,5.0,4,2,10.0,0.0,0.0,0.0,4024.0,2
215,934,99,Blessé léger,Dispositif enfants,1009000168974,0.0,0,0.0,10.0,9.0,6.0,16.0,10,7,25.0,0.0,0.0,0.0,10071.0,5
216,9,1,Indemne,Equipement réfléchissant,1210800174130,8.0,0,0.0,6.0,24.0,24.0,6.0,6,8,30.0,0.0,0.0,0.0,11871.0,6
217,23,2,Indemne,Equipement réfléchissant,403600094566,3.0,0,0.0,4.0,9.0,4.0,2.0,2,2,10.0,0.0,0.0,0.0,3954.0,2
218,50,7,Indemne,Equipement réfléchissant,3027000183787,18.0,0,21.0,12.0,50.0,244.0,21.0,21,23,24.0,0.0,0.0,0.0,29607.0,15
219,67,10,Indemne,Equipement réfléchissant,605400101695,6.0,0,2.0,1.0,6.0,40.0,2.0,5,3,13.0,6.0,9.0,2.0,5905.0,3
220,104,16,Indemne,Equipement réfléchissant,201800018491,1.0,0,0.0,0.0,2.0,15.0,1.0,1,1,4.0,0.0,0.0,0.0,1976.0,1
221,114,17,Indemne,Equipement réfléchissant,201800002152,2.0,0,0.0,0.0,3.0,23.0,1.0,1,1,4.0,0.0,0.0,0.0,1970.0,1
222,125,20,Indemne,Equipement réfléchissant,201800033957,1.0,0,0.0,1.0,7.0,1.0,1.0,1,1,9.0,0.0,0.0,0.0,1970.0,1
223,161,31,Indemne,Equipement réfléchissant,201800057416,2.0,0,1.0,0.0,1.0,21.0,1.0,1,2,5.0,0.0,0.0,0.0,1986.0,1
224,185,33,Indemne,Equipement réfléchissant,403600019981,1.0,0,0.0,4.0,2.0,34.0,2.0,2,2,5.0,0.0,0.0,0.0,3955.0,2
225,199,34,Indemne,Equipement réfléchissant,201800039140,1.0,0,0.0,0.0,0.0,21.0,1.0,1,1,5.0,0.0,0.0,0.0,1981.0,1
226,269,1,Tué,Equipement réfléchissant,201800016829,2.0,0,0.0,0.0,4.0,0.0,1.0,1,1,5.0,0.0,0.0,0.0,1955.0,1
227,297,7,Tué,Equipement réfléchissant,1816200204209,14.0,0,15.0,11.0,24.0,56.0,2.0,23,9,23.0,26.0,41.0,12.0,17781.0,9
228,314,10,Tué,Equipement réfléchissant,201800045357,2.0,0,1.0,1.0,2.0,21.0,0.0,3,1,4.0,6.0,9.0,3.0,1988.0,1
229,342,15,Tué,Equipement réfléchissant,201800006653,2.0,0,0.0,1.0,1.0,1.0,0.0,3,1,0.0,1.0,0.0,1.0,1996.0,1
230,397,34,Tué,Equipement réfléchissant,201800028248,2.0,0,13.0,0.0,4.0,23.0,1.0,1,1,1.0,0.0,0.0,0.0,1973.0,1
231,431,1,Blessé hospitalisé,Equipement réfléchissant,5246800476429,26.0,0,13.0,47.0,94.0,112.0,26.0,26,29,68.0,0.0,0.0,0.0,51236.0,26
232,469,7,Blessé hospitalisé,Equipement réfléchissant,8273800723057,49.0,0,30.0,97.0,109.0,287.0,23.0,80,45,144.0,77.0,126.0,30.0,80969.0,41
233,486,10,Blessé hospitalisé,Equipement réfléchissant,403600063126,4.0,0,1.0,2.0,2.0,15.0,0.0,6,2,9.0,6.0,18.0,3.0,3964.0,2
234,499,13,Blessé hospitalisé,Equipement réfléchissant,403600008468,0.0,0,0.0,10.0,10.0,16.0,1.0,4,2,10.0,6.0,1.0,1.0,3944.0,2
235,538,17,Blessé hospitalisé,Equipement réfléchissant,403600014302,2.0,0,0.0,3.0,1.0,2.0,0.0,6,2,8.0,6.0,18.0,4.0,3952.0,2
236,548,20,Blessé hospitalisé,Equipement réfléchissant,201800010698,0.0,0,0.0,9.0,7.0,23.0,1.0,1,1,5.0,0.0,0.0,0.0,1960.0,1
237,558,21,Blessé hospitalisé,Equipement réfléchissant,201800010700,2.0,0,1.0,1.0,1.0,2.0,0.0,3,1,4.0,6.0,4.0,1.0,1964.0,1
238,597,33,Blessé hospitalisé,Equipement réfléchissant,201800003236,1.0,0,0.0,2.0,1.0,1.0,2.0,2,1,5.0,0.0,0.0,0.0,1984.0,1
239,677,1,Blessé léger,Equipement réfléchissant,4641400513200,22.0,0,13.0,40.0,65.0,194.0,23.0,23,28,51.0,0.0,0.0,0.0,45571.0,23
240,691,2,Blessé léger,Equipement réfléchissant,403600075946,1.0,0,0.0,3.0,3.0,12.0,2.0,2,2,10.0,0.0,0.0,0.0,3970.0,2
241,720,7,Blessé léger,Equipement réfléchissant,9081000702983,47.0,0,20.0,88.0,120.0,310.0,28.0,93,53,165.0,53.0,134.0,43.0,89198.0,45
242,737,10,Blessé léger,Equipement réfléchissant,807200122357,4.0,0,1.0,4.0,10.0,49.0,6.0,7,7,12.0,1.0,9.0,2.0,7960.0,4
243,767,14,Blessé léger,Equipement réfléchissant,605400142037,4.0,0,1.0,4.0,8.0,4.0,9.0,5,4,12.0,0.0,0.0,0.0,5938.0,3
244,781,15,Blessé léger,Equipement réfléchissant,201800019399,1.0,0,0.0,1.0,3.0,5.0,0.0,3,1,0.0,1.0,9.0,3.0,1972.0,1
245,807,20,Blessé léger,Equipement réfléchissant,201800031147,2.0,0,0.0,0.0,5.0,15.0,3.0,2,1,4.0,0.0,0.0,0.0,1968.0,1
246,850,32,Blessé léger,Equipement réfléchissant,201800030761,0.0,0,0.0,2.0,1.0,1.0,1.0,1,1,1.0,0.0,0.0,0.0,1970.0,1
247,862,33,Blessé léger,Equipement réfléchissant,201800031147,2.0,0,0.0,2.0,1.0,14.0,3.0,2,1,4.0,0.0,0.0,0.0,1968.0,1
248,911,38,Blessé léger,Equipement réfléchissant,201800032731,2.0,1,7.0,1.0,6.0,23.0,1.0,1,2,4.0,0.0,0.0,0.0,1968.0,1
249,923,40,Blessé léger,Equipement réfléchissant,201800031630,2.0,0,0.0,2.0,2.0,1.0,1.0,1,1,5.0,0.0,0.0,0.0,1994.0,1
250,11,1,Indemne,Autre,2825200333923,14.0,0,0.0,24.0,48.0,73.0,13.0,16,18,38.0,2.0,3.0,2.0,27742.0,14
251,24,2,Indemne,Autre,2018000141411,4.0,0,1.0,16.0,17.0,42.0,11.0,11,11,38.0,0.0,0.0,0.0,19855.0,10
252,53,7,Indemne,Autre,28453803103005,160.0,0,178.0,258.0,450.0,1015.0,355.0,194,191,497.0,2.0,3.0,2.0,280318.0,141
253,68,10,Indemne,Autre,2623400357489,14.0,0,2.0,21.0,26.0,116.0,22.0,19,14,48.0,2.0,3.0,2.0,25856.0,13
254,78,13,Indemne,Autre,201800038281,2.0,0,0.0,1.0,4.0,4.0,1.0,1,1,4.0,0.0,0.0,0.0,1978.0,1
255,87,14,Indemne,Autre,201800038372,2.0,0,0.0,1.0,1.0,1.0,1.0,1,1,4.0,0.0,0.0,0.0,1969.0,1
256,96,15,Indemne,Autre,605400034637,5.0,0,0.0,4.0,14.0,28.0,10.0,4,4,17.0,0.0,0.0,0.0,5908.0,3
257,105,16,Indemne,Autre,201800018584,0.0,0,0.0,2.0,3.0,15.0,1.0,1,1,4.0,0.0,0.0,0.0,1996.0,1
258,115,17,Indemne,Autre,1009000053628,5.0,0,15.0,4.0,20.0,28.0,7.0,6,6,21.0,0.0,0.0,0.0,9905.0,5
259,127,20,Indemne,Autre,403600030284,3.0,0,0.0,4.0,6.0,6.0,2.0,2,2,8.0,0.0,0.0,0.0,3936.0,2
260,138,21,Indemne,Autre,2219800198370,7.0,0,0.0,17.0,44.0,83.0,11.0,11,11,41.0,0.0,0.0,0.0,21720.0,11
261,162,31,Indemne,Autre,1816200220444,8.0,0,0.0,18.0,25.0,37.0,21.0,13,13,18.0,0.0,0.0,0.0,17911.0,9
262,174,32,Indemne,Autre,201800043770,1.0,0,0.0,2.0,1.0,1.0,5.0,2,1,5.0,0.0,0.0,0.0,2005.0,1
263,187,33,Indemne,Autre,2623400364740,15.0,0,10.0,24.0,32.0,134.0,13.0,13,15,51.0,0.0,0.0,0.0,25691.0,13
264,200,34,Indemne,Autre,403600075753,2.0,0,0.0,4.0,1.0,7.0,2.0,2,3,9.0,0.0,0.0,0.0,3946.0,2
265,215,36,Indemne,Autre,403600002714,0.0,0,0.0,0.0,18.0,32.0,3.0,3,2,10.0,0.0,0.0,0.0,3999.0,2
266,225,37,Indemne,Autre,1614400311508,9.0,70,0.0,11.0,21.0,48.0,9.0,9,9,34.0,0.0,0.0,0.0,15812.0,8
267,235,38,Indemne,Autre,201800023476,1.0,5,0.0,2.0,1.0,1.0,2.0,2,1,0.0,0.0,0.0,0.0,2018.0,1
268,243,39,Indemne,Autre,605400033099,4.0,234,0.0,6.0,4.0,3.0,3.0,3,3,12.0,0.0,0.0,0.0,5921.0,3
269,250,40,Indemne,Autre,1614400280161,9.0,272,0.0,20.0,12.0,45.0,8.0,8,9,28.0,0.0,0.0,0.0,15779.0,8
270,261,99,Indemne,Autre,1614400147535,5.0,0,0.0,15.0,18.0,22.0,8.0,8,10,29.0,0.0,0.0,0.0,15929.0,8
271,272,1,Tué,Autre,403600035997,1.0,0,0.0,2.0,5.0,3.0,2.0,2,3,10.0,0.0,0.0,0.0,3987.0,2
272,280,2,Tué,Autre,201800001379,1.0,0,0.0,2.0,4.0,1.0,1.0,1,1,5.0,0.0,0.0,0.0,1985.0,1
273,300,7,Tué,Autre,5045000287301,38.0,0,41.0,27.0,59.0,185.0,23.0,29,34,111.0,0.0,0.0,0.0,49407.0,25
274,315,10,Tué,Autre,201800032765,1.0,0,0.0,9.0,2.0,2.0,1.0,1,1,5.0,0.0,0.0,0.0,2002.0,1
275,357,17,Tué,Autre,403600033021,2.0,0,0.0,3.0,5.0,2.0,1.0,4,3,14.0,1.0,3.0,2.0,3885.0,2
276,365,20,Tué,Autre,201800029683,2.0,0,0.0,1.0,1.0,1.0,0.0,3,1,0.0,3.0,3.0,1.0,1969.0,1
277,372,21,Tué,Autre,201800002994,1.0,0,0.0,0.0,7.0,15.0,1.0,1,1,4.0,0.0,0.0,0.0,1951.0,1
278,392,33,Tué,Autre,605400059977,3.0,0,6.0,2.0,6.0,40.0,3.0,3,3,10.0,0.0,0.0,0.0,5930.0,3
279,434,1,Blessé hospitalisé,Autre,4439600535652,23.0,0,2.0,45.0,76.0,75.0,22.0,22,24,81.0,0.0,0.0,0.0,43459.0,22
280,445,2,Blessé hospitalisé,Autre,1009000059261,3.0,0,14.0,2.0,6.0,22.0,6.0,6,7,17.0,0.0,0.0,0.0,10001.0,5
281,454,3,Blessé hospitalisé,Autre,403600045148,3.0,0,0.0,4.0,2.0,14.0,3.0,3,3,0.0,0.0,0.0,0.0,3958.0,2
282,472,7,Blessé hospitalisé,Autre,24619602032240,146.0,0,257.0,223.0,331.0,761.0,238.0,186,164,416.0,32.0,51.0,16.0,242227.0,122
283,488,10,Blessé hospitalisé,Autre,3228800374294,19.0,0,29.0,36.0,39.0,63.0,21.0,23,20,48.0,14.0,16.0,3.0,31558.0,16
284,539,17,Blessé hospitalisé,Autre,201800056826,1.0,0,0.0,2.0,0.0,1.0,1.0,1,2,5.0,0.0,0.0,0.0,1978.0,1
285,549,20,Blessé hospitalisé,Autre,201800029682,1.0,0,0.0,2.0,1.0,0.0,1.0,1,1,0.0,0.0,0.0,0.0,1993.0,1
286,567,30,Blessé hospitalisé,Autre,1210800114931,6.0,0,8.0,3.0,10.0,10.0,3.0,12,7,17.0,7.0,11.0,5.0,11986.0,6
287,577,31,Blessé hospitalisé,Autre,403600071339,2.0,0,0.0,0.0,16.0,24.0,2.0,2,3,5.0,0.0,0.0,0.0,3953.0,2
288,587,32,Blessé hospitalisé,Autre,605400052394,3.0,0,0.0,5.0,3.0,51.0,2.0,5,4,6.0,3.0,3.0,1.0,5912.0,3
289,599,33,Blessé hospitalisé,Autre,2623400169250,14.0,0,7.0,16.0,34.0,49.0,11.0,17,15,48.0,5.0,6.0,2.0,25613.0,13
290,610,34,Blessé hospitalisé,Autre,403600079740,3.0,0,0.0,11.0,4.0,16.0,3.0,3,3,0.0,0.0,0.0,0.0,3985.0,2
291,620,36,Blessé hospitalisé,Autre,201800014565,0.0,0,2.0,0.0,1.0,1.0,1.0,1,1,5.0,0.0,0.0,0.0,1995.0,1
292,632,37,Blessé hospitalisé,Autre,403600070547,0.0,2,0.0,3.0,13.0,17.0,1.0,4,2,5.0,2.0,3.0,1.0,3976.0,2
293,642,38,Blessé hospitalisé,Autre,201800000778,2.0,1,0.0,2.0,8.0,1.0,1.0,1,2,1.0,0.0,0.0,0.0,1965.0,1
294,664,99,Blessé hospitalisé,Autre,3228800386440,15.0,0,35.0,29.0,13.0,78.0,17.0,17,18,59.0,0.0,0.0,0.0,31779.0,16
295,680,1,Blessé léger,Autre,6861200968152,31.0,0,0.0,52.0,82.0,117.0,33.0,39,47,83.0,7.0,12.0,2.0,67478.0,34
296,693,2,Blessé léger,Autre,1412600213634,5.0,0,0.0,16.0,20.0,45.0,6.0,9,8,24.0,3.0,3.0,2.0,13889.0,7
297,705,3,Blessé léger,Autre,403600071511,2.0,0,0.0,3.0,3.0,3.0,2.0,5,3,1.0,4.0,3.0,0.0,3982.0,2
298,723,7,Blessé léger,Autre,34709604234501,167.0,0,144.0,343.0,452.0,1143.0,277.0,290,233,571.0,77.0,138.0,45.0,342017.0,172
299,740,10,Blessé léger,Autre,2219800310719,13.0,0,1.0,18.0,27.0,122.0,16.0,21,14,29.0,12.0,12.0,5.0,21917.0,11
300,754,13,Blessé léger,Autre,403600083498,2.0,0,16.0,2.0,5.0,24.0,0.0,6,2,9.0,7.0,7.0,2.0,3912.0,2
301,769,14,Blessé léger,Autre,1412600155233,10.0,0,2.0,19.0,32.0,66.0,9.0,12,9,24.0,8.0,9.0,1.0,13749.0,7
302,782,15,Blessé léger,Autre,403600043185,1.0,0,0.0,4.0,1.0,3.0,10.0,3,3,5.0,0.0,0.0,0.0,3999.0,2
303,797,17,Blessé léger,Autre,201800007268,1.0,0,0.0,0.0,4.0,2.0,1.0,1,1,5.0,0.0,0.0,0.0,1933.0,1
304,815,21,Blessé léger,Autre,605400087592,2.0,0,8.0,6.0,6.0,35.0,3.0,3,3,9.0,0.0,0.0,0.0,5972.0,3
305,826,30,Blessé léger,Autre,1210800202213,6.0,0,0.0,7.0,17.0,32.0,5.0,14,8,19.0,4.0,9.0,3.0,11902.0,6
306,838,31,Blessé léger,Autre,807200166340,5.0,0,0.0,6.0,14.0,12.0,2.0,8,6,2.0,6.0,6.0,2.0,7919.0,4
307,851,32,Blessé léger,Autre,2018000271383,9.0,0,1.0,18.0,15.0,48.0,15.0,18,12,6.0,7.0,4.0,2.0,19886.0,10
308,864,33,Blessé léger,Autre,1009000120537,7.0,0,0.0,5.0,11.0,20.0,2.0,11,8,16.0,5.0,13.0,4.0,9932.0,5
309,876,34,Blessé léger,Autre,2018000339228,10.0,0,0.0,21.0,33.0,48.0,8.0,17,13,38.0,6.0,9.0,4.0,19820.0,10
310,900,37,Blessé léger,Autre,403600082516,3.0,23,6.0,2.0,5.0,44.0,7.0,4,3,0.0,0.0,0.0,0.0,3974.0,2
311,912,38,Blessé léger,Autre,605400077210,5.0,1,0.0,6.0,14.0,3.0,3.0,3,4,11.0,0.0,0.0,0.0,5974.0,3
312,916,39,Blessé léger,Autre,201800038601,1.0,0,0.0,2.0,7.0,23.0,1.0,1,2,1.0,0.0,0.0,0.0,1968.0,1
313,938,99,Blessé léger,Autre,6255801198745,32.0,0,15.0,55.0,47.0,208.0,30.0,36,39,94.0,2.0,18.0,4.0,61576.0,31
314,11,1,Indemne,Autre,2825200333923,14.0,0,0.0,24.0,48.0,73.0,13.0,16,18,38.0,2.0,3.0,2.0,27742.0,14
315,24,2,Indemne,Autre,2018000141411,4.0,0,1.0,16.0,17.0,42.0,11.0,11,11,38.0,0.0,0.0,0.0,19855.0,10
316,53,7,Indemne,Autre,28453803103005,160.0,0,178.0,258.0,450.0,1015.0,355.0,194,191,497.0,2.0,3.0,2.0,280318.0,141
317,68,10,Indemne,Autre,2623400357489,14.0,0,2.0,21.0,26.0,116.0,22.0,19,14,48.0,2.0,3.0,2.0,25856.0,13
318,78,13,Indemne,Autre,201800038281,2.0,0,0.0,1.0,4.0,4.0,1.0,1,1,4.0,0.0,0.0,0.0,1978.0,1
319,87,14,Indemne,Autre,201800038372,2.0,0,0.0,1.0,1.0,1.0,1.0,1,1,4.0,0.0,0.0,0.0,1969.0,1
320,96,15,Indemne,Autre,605400034637,5.0,0,0.0,4.0,14.0,28.0,10.0,4,4,17.0,0.0,0.0,0.0,5908.0,3
321,105,16,Indemne,Autre,201800018584,0.0,0,0.0,2.0,3.0,15.0,1.0,1,1,4.0,0.0,0.0,0.0,1996.0,1
322,115,17,Indemne,Autre,1009000053628,5.0,0,15.0,4.0,20.0,28.0,7.0,6,6,21.0,0.0,0.0,0.0,9905.0,5
323,127,20,Indemne,Autre,403600030284,3.0,0,0.0,4.0,6.0,6.0,2.0,2,2,8.0,0.0,0.0,0.0,3936.0,2
324,138,21,Indemne,Autre,2219800198370,7.0,0,0.0,17.0,44.0,83.0,11.0,11,11,41.0,0.0,0.0,0.0,21720.0,11
325,162,31,Indemne,Autre,1816200220444,8.0,0,0.0,18.0,25.0,37.0,21.0,13,13,18.0,0.0,0.0,0.0,17911.0,9
326,174,32,Indemne,Autre,201800043770,1.0,0,0.0,2.0,1.0,1.0,5.0,2,1,5.0,0.0,0.0,0.0,2005.0,1
327,187,33,Indemne,Autre,2623400364740,15.0,0,10.0,24.0,32.0,134.0,13.0,13,15,51.0,0.0,0.0,0.0,25691.0,13
328,200,34,Indemne,Autre,403600075753,2.0,0,0.0,4.0,1.0,7.0,2.0,2,3,9.0,0.0,0.0,0.0,3946.0,2
329,215,36,Indemne,Autre,403600002714,0.0,0,0.0,0.0,18.0,32.0,3.0,3,2,10.0,0.0,0.0,0.0,3999.0,2
330,225,37,Indemne,Autre,1614400311508,9.0,70,0.0,11.0,21.0,48.0,9.0,9,9,34.0,0.0,0.0,0.0,15812.0,8
331,235,38,Indemne,Autre,201800023476,1.0,5,0.0,2.0,1.0,1.0,2.0,2,1,0.0,0.0,0.0,0.0,2018.0,1
332,243,39,Indemne,Autre,605400033099,4.0,234,0.0,6.0,4.0,3.0,3.0,3,3,12.0,0.0,0.0,0.0,5921.0,3
333,250,40,Indemne,Autre,1614400280161,9.0,272,0.0,20.0,12.0,45.0,8.0,8,9,28.0,0.0,0.0,0.0,15779.0,8
334,261,99,Indemne,Autre,1614400147535,5.0,0,0.0,15.0,18.0,22.0,8.0,8,10,29.0,0.0,0.0,0.0,15929.0,8
335,272,1,Tué,Autre,403600035997,1.0,0,0.0,2.0,5.0,3.0,2.0,2,3,10.0,0.0,0.0,0.0,3987.0,2
336,280,2,Tué,Autre,201800001379,1.0,0,0.0,2.0,4.0,1.0,1.0,1,1,5.0,0.0,0.0,0.0,1985.0,1
337,300,7,Tué,Autre,5045000287301,38.0,0,41.0,27.0,59.0,185.0,23.0,29,34,111.0,0.0,0.0,0.0,49407.0,25
338,315,10,Tué,Autre,201800032765,1.0,0,0.0,9.0,2.0,2.0,1.0,1,1,5.0,0.0,0.0,0.0,2002.0,1
339,357,17,Tué,Autre,403600033021,2.0,0,0.0,3.0,5.0,2.0,1.0,4,3,14.0,1.0,3.0,2.0,3885.0,2
340,365,20,Tué,Autre,201800029683,2.0,0,0.0,1.0,1.0,1.0,0.0,3,1,0.0,3.0,3.0,1.0,1969.0,1
341,372,21,Tué,Autre,201800002994,1.0,0,0.0,0.0,7.0,15.0,1.0,1,1,4.0,0.0,0.0,0.0,1951.0,1
342,392,33,Tué,Autre,605400059977,3.0,0,6.0,2.0,6.0,40.0,3.0,3,3,10.0,0.0,0.0,0.0,5930.0,3
343,434,1,Blessé hospitalisé,Autre,4439600535652,23.0,0,2.0,45.0,76.0,75.0,22.0,22,24,81.0,0.0,0.0,0.0,43459.0,22
344,445,2,Blessé hospitalisé,Autre,1009000059261,3.0,0,14.0,2.0,6.0,22.0,6.0,6,7,17.0,0.0,0.0,0.0,10001.0,5
345,454,3,Blessé hospitalisé,Autre,403600045148,3.0,0,0.0,4.0,2.0,14.0,3.0,3,3,0.0,0.0,0.0,0.0,3958.0,2
346,472,7,Blessé hospitalisé,Autre,24619602032240,146.0,0,257.0,223.0,331.0,761.0,238.0,186,164,416.0,32.0,51.0,16.0,242227.0,122
347,488,10,Blessé hospitalisé,Autre,3228800374294,19.0,0,29.0,36.0,39.0,63.0,21.0,23,20,48.0,14.0,16.0,3.0,31558.0,16
348,539,17,Blessé hospitalisé,Autre,201800056826,1.0,0,0.0,2.0,0.0,1.0,1.0,1,2,5.0,0.0,0.0,0.0,1978.0,1
349,549,20,Blessé hospitalisé,Autre,201800029682,1.0,0,0.0,2.0,1.0,0.0,1.0,1,1,0.0,0.0,0.0,0.0,1993.0,1
350,567,30,Blessé hospitalisé,Autre,1210800114931,6.0,0,8.0,3.0,10.0,10.0,3.0,12,7,17.0,7.0,11.0,5.0,11986.0,6
351,577,31,Blessé hospitalisé,Autre,403600071339,2.0,0,0.0,0.0,16.0,24.0,2.0,2,3,5.0,0.0,0.0,0.0,3953.0,2
352,587,32,Blessé hospitalisé,Autre,605400052394,3.0,0,0.0,5.0,3.0,51.0,2.0,5,4,6.0,3.0,3.0,1.0,5912.0,3
353,599,33,Blessé hospitalisé,Autre,2623400169250,14.0,0,7.0,16.0,34.0,49.0,11.0,17,15,48.0,5.0,6.0,2.0,25613.0,13
354,610,34,Blessé hospitalisé,Autre,403600079740,3.0,0,0.0,11.0,4.0,16.0,3.0,3,3,0.0,0.0,0.0,0.0,3985.0,2
355,620,36,Blessé hospitalisé,Autre,201800014565,0.0,0,2.0,0.0,1.0,1.0,1.0,1,1,5.0,0.0,0.0,0.0,1995.0,1
356,632,37,Blessé hospitalisé,Autre,403600070547,0.0,2,0.0,3.0,13.0,17.0,1.0,4,2,5.0,2.0,3.0,1.0,3976.0,2
357,642,38,Blessé hospitalisé,Autre,201800000778,2.0,1,0.0,2.0,8.0,1.0,1.0,1,2,1.0,0.0,0.0,0.0,1965.0,1
358,664,99,Blessé hospitalisé,Autre,3228800386440,15.0,0,35.0,29.0,13.0,78.0,17.0,17,18,59.0,0.0,0.0,0.0,31779.0,16
359,680,1,Blessé léger,Autre,6861200968152,31.0,0,0.0,52.0,82.0,117.0,33.0,39,47,83.0,7.0,12.0,2.0,67478.0,34
360,693,2,Blessé léger,Autre,1412600213634,5.0,0,0.0,16.0,20.0,45.0,6.0,9,8,24.0,3.0,3.0,2.0,13889.0,7
361,705,3,Blessé léger,Autre,403600071511,2.0,0,0.0,3.0,3.0,3.0,2.0,5,3,1.0,4.0,3.0,0.0,3982.0,2
362,723,7,Blessé léger,Autre,34709604234501,167.0,0,144.0,343.0,452.0,1143.0,277.0,290,233,571.0,77.0,138.0,45.0,342017.0,172
363,740,10,Blessé léger,Autre,2219800310719,13.0,0,1.0,18.0,27.0,122.0,16.0,21,14,29.0,12.0,12.0,5.0,21917.0,11
364,754,13,Blessé léger,Autre,403600083498,2.0,0,16.0,2.0,5.0,24.0,0.0,6,2,9.0,7.0,7.0,2.0,3912.0,2
365,769,14,Blessé léger,Autre,1412600155233,10.0,0,2.0,19.0,32.0,66.0,9.0,12,9,24.0,8.0,9.0,1.0,13749.0,7
366,782,15,Blessé léger,Autre,403600043185,1.0,0,0.0,4.0,1.0,3.0,10.0,3,3,5.0,0.0,0.0,0.0,3999.0,2
367,797,17,Blessé léger,Autre,201800007268,1.0,0,0.0,0.0,4.0,2.0,1.0,1,1,5.0,0.0,0.0,0.0,1933.0,1
368,815,21,Blessé léger,Autre,605400087592,2.0,0,8.0,6.0,6.0,35.0,3.0,3,3,9.0,0.0,0.0,0.0,5972.0,3
369,826,30,Blessé léger,Autre,1210800202213,6.0,0,0.0,7.0,17.0,32.0,5.0,14,8,19.0,4.0,9.0,3.0,11902.0,6
370,838,31,Blessé léger,Autre,807200166340,5.0,0,0.0,6.0,14.0,12.0,2.0,8,6,2.0,6.0,6.0,2.0,7919.0,4
371,851,32,Blessé léger,Autre,2018000271383,9.0,0,1.0,18.0,15.0,48.0,15.0,18,12,6.0,7.0,4.0,2.0,19886.0,10
372,864,33,Blessé léger,Autre,1009000120537,7.0,0,0.0,5.0,11.0,20.0,2.0,11,8,16.0,5.0,13.0,4.0,9932.0,5
373,876,34,Blessé léger,Autre,2018000339228,10.0,0,0.0,21.0,33.0,48.0,8.0,17,13,38.0,6.0,9.0,4.0,19820.0,10
374,900,37,Blessé léger,Autre,403600082516,3.0,23,6.0,2.0,5.0,44.0,7.0,4,3,0.0,0.0,0.0,0.0,3974.0,2
375,912,38,Blessé léger,Autre,605400077210,5.0,1,0.0,6.0,14.0,3.0,3.0,3,4,11.0,0.0,0.0,0.0,5974.0,3
376,916,39,Blessé léger,Autre,201800038601,1.0,0,0.0,2.0,7.0,23.0,1.0,1,2,1.0,0.0,0.0,0.0,1968.0,1
377,938,99,Blessé léger,Autre,6255801198745,32.0,0,15.0,55.0,47.0,208.0,30.0,36,39,94.0,2.0,18.0,4.0,61576.0,31
378,3,1,Indemne,Pas de sécurité,7466601349187,41.0,0,38.0,52.0,129.0,184.0,39.0,39,47,115.0,0.0,0.0,0.0,73158.0,37
379,17,2,Indemne,Pas de sécurité,2825200414041,15.0,0,1.0,20.0,27.0,105.0,14.0,14,16,61.0,0.0,0.0,0.0,27655.0,14
380,30,3,Indemne,Pas de sécurité,605400139749,2.0,0,0.0,6.0,14.0,19.0,4.0,4,3,13.0,0.0,0.0,0.0,5946.0,3
381,42,7,Indemne,Pas de sécurité,111393617369046,641.0,0,591.0,904.0,1561.0,4837.0,1139.0,696,694,1572.0,0.0,0.0,0.0,1094020.0,552
382,60,10,Indemne,Pas de sécurité,13924202285303,77.0,0,83.0,111.0,215.0,606.0,136.0,87,76,218.0,0.0,0.0,0.0,136731.0,69
383,74,13,Indemne,Pas de sécurité,2219800344630,14.0,0,0.0,22.0,31.0,75.0,15.0,14,12,19.0,0.0,0.0,0.0,21806.0,11
384,83,14,Indemne,Pas de sécurité,1412600184825,8.0,0,3.0,17.0,27.0,61.0,15.0,8,7,27.0,0.0,0.0,0.0,13845.0,7
385,92,15,Indemne,Pas de sécurité,3430600307586,24.0,0,14.0,30.0,51.0,224.0,29.0,22,21,64.0,0.0,0.0,0.0,33399.0,17
386,102,16,Indemne,Pas de sécurité,201800054261,1.0,0,0.0,2.0,3.0,22.0,1.0,1,1,4.0,0.0,0.0,0.0,1960.0,1
387,109,17,Indemne,Pas de sécurité,3430600246148,22.0,0,14.0,29.0,71.0,93.0,50.0,25,17,72.0,0.0,0.0,0.0,33830.0,17
388,121,20,Indemne,Pas de sécurité,807200091166,3.0,0,0.0,2.0,18.0,63.0,4.0,4,4,16.0,0.0,0.0,0.0,7865.0,4
389,133,21,Indemne,Pas de sécurité,5045000329107,29.0,0,1.0,37.0,87.0,190.0,28.0,27,28,104.0,0.0,0.0,0.0,49504.0,25
390,144,30,Indemne,Pas de sécurité,2018000373993,11.0,0,0.0,21.0,15.0,72.0,10.0,10,12,9.0,0.0,0.0,0.0,19786.0,10
391,156,31,Indemne,Pas de sécurité,4843200935396,34.0,0,3.0,41.0,50.0,180.0,31.0,28,32,64.0,0.0,0.0,0.0,47486.0,24
392,168,32,Indemne,Pas de sécurité,2219800449610,17.0,0,0.0,22.0,42.0,120.0,12.0,12,13,19.0,0.0,0.0,0.0,21805.0,11
393,179,33,Indemne,Pas de sécurité,8677401269624,51.0,0,12.0,78.0,131.0,325.0,44.0,44,53,127.0,0.0,0.0,0.0,84978.0,43
394,193,34,Indemne,Pas de sécurité,1412600257673,5.0,0,1.0,12.0,5.0,53.0,7.0,7,9,2.0,0.0,0.0,0.0,13874.0,7
395,210,36,Indemne,Pas de sécurité,201800015745,0.0,0,0.0,2.0,3.0,1.0,1.0,1,1,4.0,0.0,0.0,0.0,1981.0,1
396,220,37,Indemne,Pas de sécurité,3027000404124,15.0,55,11.0,24.0,47.0,62.0,41.0,20,17,63.0,0.0,0.0,0.0,29706.0,15
397,231,38,Indemne,Pas de sécurité,17153001448004,115.0,2488,235.0,122.0,243.0,103.0,503.0,169,127,238.0,0.0,0.0,0.0,170108.0,85
398,240,39,Indemne,Pas de sécurité,605400032588,2.0,149,1.0,4.0,6.0,3.0,9.0,4,4,13.0,0.0,0.0,0.0,5963.0,3
399,248,40,Indemne,Pas de sécurité,403600040971,1.0,0,0.0,3.0,8.0,2.0,3.0,3,2,4.0,0.0,0.0,0.0,3960.0,2
400,257,99,Indemne,Pas de sécurité,2421600447141,10.0,0,15.0,21.0,17.0,35.0,12.0,12,13,42.0,0.0,0.0,0.0,23737.0,12
401,283,3,Tué,Pas de sécurité,605400039615,3.0,0,14.0,4.0,8.0,30.0,3.0,3,3,15.0,0.0,0.0,0.0,5856.0,3
402,290,7,Tué,Pas de sécurité,44597803974318,281.0,0,1104.0,169.0,647.0,1107.0,370.0,273,274,873.0,0.0,0.0,0.0,436729.0,221
403,307,10,Tué,Pas de sécurité,4237800482056,26.0,0,51.0,24.0,42.0,81.0,33.0,24,23,69.0,0.0,0.0,0.0,41422.0,21
404,326,14,Tué,Pas de sécurité,807200068310,5.0,0,35.0,2.0,11.0,30.0,8.0,6,4,16.0,0.0,0.0,0.0,7881.0,4
405,337,15,Tué,Pas de sécurité,807200057882,6.0,0,1.0,4.0,16.0,28.0,7.0,5,4,17.0,0.0,0.0,0.0,7837.0,4
406,351,17,Tué,Pas de sécurité,2219800315625,14.0,0,16.0,14.0,22.0,109.0,25.0,16,14,37.0,0.0,0.0,0.0,21835.0,11
407,362,20,Tué,Pas de sécurité,807200081088,8.0,0,17.0,0.0,16.0,4.0,5.0,5,4,14.0,0.0,0.0,0.0,7892.0,4
408,369,21,Tué,Pas de sécurité,1210800073817,8.0,0,21.0,4.0,18.0,31.0,9.0,7,6,32.0,0.0,0.0,0.0,11842.0,6
409,417,39,Tué,Pas de sécurité,201800015631,0.0,77,1.0,0.0,1.0,1.0,1.0,1,1,0.0,0.0,0.0,0.0,1982.0,1
410,440,2,Blessé hospitalisé,Pas de sécurité,201800049214,2.0,0,0.0,2.0,4.0,0.0,2.0,2,1,0.0,0.0,0.0,0.0,2000.0,1
411,451,3,Blessé hospitalisé,Pas de sécurité,807200098127,5.0,0,15.0,6.0,9.0,15.0,4.0,4,5,15.0,0.0,0.0,0.0,7941.0,4
412,461,7,Blessé hospitalisé,Pas de sécurité,87581208667605,534.0,0,1678.0,405.0,1165.0,2744.0,996.0,593,544,1690.0,0.0,0.0,0.0,860567.0,434
413,479,10,Blessé hospitalisé,Pas de sécurité,10291800952527,54.0,0,163.0,65.0,167.0,448.0,94.0,73,66,193.0,0.0,0.0,0.0,101003.0,51
414,494,13,Blessé hospitalisé,Pas de sécurité,605400116355,4.0,0,0.0,6.0,7.0,16.0,6.0,4,6,2.0,0.0,0.0,0.0,5973.0,3
415,505,14,Blessé hospitalisé,Pas de sécurité,3027000660946,28.0,0,169.0,0.0,23.0,55.0,61.0,27,17,57.0,0.0,0.0,0.0,29695.0,15
416,516,15,Blessé hospitalisé,Pas de sécurité,2825200189538,23.0,0,28.0,10.0,36.0,119.0,22.0,17,15,52.0,0.0,0.0,0.0,27654.0,14
417,527,16,Blessé hospitalisé,Pas de sécurité,605400051114,3.0,0,13.0,4.0,9.0,39.0,3.0,3,3,3.0,0.0,0.0,0.0,5871.0,3
418,533,17,Blessé hospitalisé,Pas de sécurité,2219800111247,16.0,0,6.0,10.0,46.0,39.0,29.0,17,13,50.0,0.0,0.0,0.0,21772.0,11
419,544,20,Blessé hospitalisé,Pas de sécurité,403600064208,2.0,0,0.0,4.0,16.0,18.0,3.0,3,2,8.0,0.0,0.0,0.0,3960.0,2
420,554,21,Blessé hospitalisé,Pas de sécurité,2018000176672,14.0,0,36.0,8.0,28.0,64.0,16.0,12,11,47.0,0.0,0.0,0.0,19778.0,10
421,592,33,Blessé hospitalisé,Pas de sécurité,201800013493,2.0,0,9.0,2.0,1.0,1.0,2.0,2,2,5.0,0.0,0.0,0.0,1968.0,1
422,605,34,Blessé hospitalisé,Pas de sécurité,201800038700,2.0,0,0.0,2.0,1.0,21.0,1.0,1,1,1.0,0.0,0.0,0.0,1982.0,1
423,626,37,Blessé hospitalisé,Pas de sécurité,2018000378880,13.0,48,0.0,16.0,45.0,78.0,37.0,16,15,34.0,0.0,0.0,0.0,19776.0,10
424,638,38,Blessé hospitalisé,Pas de sécurité,403600112044,0.0,6,0.0,0.0,0.0,0.0,16.0,4,4,4.0,0.0,0.0,0.0,4009.0,2
425,656,99,Blessé hospitalisé,Pas de sécurité,1412600206098,4.0,0,0.0,12.0,16.0,41.0,8.0,8,9,19.0,0.0,0.0,0.0,13909.0,7
426,670,1,Blessé léger,Pas de sécurité,201800050701,1.0,0,0.0,2.0,3.0,19.0,8.0,2,1,0.0,0.0,0.0,0.0,1931.0,1
427,699,3,Blessé léger,Pas de sécurité,807200128000,5.0,0,13.0,4.0,7.0,4.0,6.0,6,5,10.0,0.0,0.0,0.0,7914.0,4
428,712,7,Blessé léger,Pas de sécurité,93635214692502,528.0,0,1004.0,629.0,1360.0,3083.0,1151.0,686,648,1578.0,0.0,0.0,0.0,921183.0,464
429,730,10,Blessé léger,Pas de sécurité,7466601043705,44.0,0,89.0,46.0,93.0,277.0,84.0,51,45,115.0,0.0,0.0,0.0,73310.0,37
430,746,13,Blessé léger,Pas de sécurité,1412600224941,10.0,0,10.0,9.0,22.0,54.0,10.0,9,9,21.0,0.0,0.0,0.0,13778.0,7
431,760,14,Blessé léger,Pas de sécurité,1412600124122,5.0,0,11.0,10.0,20.0,38.0,28.0,10,8,22.0,0.0,0.0,0.0,13944.0,7
432,775,15,Blessé léger,Pas de sécurité,7264801048131,68.0,0,0.0,15.0,112.0,85.0,238.0,68,42,57.0,0.0,0.0,0.0,71063.0,36
433,787,16,Blessé léger,Pas de sécurité,403600057569,3.0,0,0.0,4.0,6.0,23.0,2.0,2,2,5.0,0.0,0.0,0.0,3979.0,2
434,792,17,Blessé léger,Pas de sécurité,1412600097410,9.0,0,15.0,14.0,32.0,23.0,35.0,11,7,32.0,0.0,0.0,0.0,13946.0,7
435,802,20,Blessé léger,Pas de sécurité,403600071382,3.0,0,0.0,4.0,9.0,11.0,7.0,4,3,4.0,0.0,0.0,0.0,3942.0,2
436,812,21,Blessé léger,Pas de sécurité,1210800086471,8.0,0,13.0,4.0,16.0,57.0,6.0,6,6,27.0,0.0,0.0,0.0,11855.0,6
437,820,30,Blessé léger,Pas de sécurité,403600107085,3.0,0,0.0,4.0,9.0,10.0,2.0,2,2,10.0,0.0,0.0,0.0,3994.0,2
438,844,32,Blessé léger,Pas de sécurité,403600055141,2.0,0,0.0,4.0,4.0,17.0,5.0,3,3,3.0,0.0,0.0,0.0,3977.0,2
439,856,33,Blessé léger,Pas de sécurité,605400162368,4.0,0,0.0,4.0,2.0,2.0,4.0,4,4,6.0,0.0,0.0,0.0,5929.0,3
440,870,34,Blessé léger,Pas de sécurité,201800051704,2.0,0,0.0,2.0,1.0,1.0,1.0,1,1,5.0,0.0,0.0,0.0,2006.0,1
441,892,37,Blessé léger,Pas de sécurité,15135002568443,71.0,1278,11.0,132.0,179.0,331.0,461.0,145,105,165.0,0.0,0.0,0.0,148299.0,75
442,906,38,Blessé léger,Pas de sécurité,3632400236002,28.0,434,23.0,24.0,62.0,18.0,138.0,35,29,74.0,0.0,0.0,0.0,35927.0,18
443,914,39,Blessé léger,Pas de sécurité,201800038217,1.0,0,0.0,2.0,1.0,23.0,1.0,1,1,0.0,0.0,0.0,0.0,1986.0,1
444,929,99,Blessé léger,Pas de sécurité,4843201177622,25.0,0,0.0,38.0,41.0,193.0,25.0,25,27,72.0,0.0,0.0,0.0,47770.0,24
445,6,1,Indemne,Pas de sécurité,9484601779843,63.0,0,12.0,69.0,134.0,234.0,48.0,48,55,183.0,0.0,0.0,0.0,93373.0,47
446,20,2,Indemne,Pas de sécurité,2825200423892,14.0,0,6.0,28.0,43.0,93.0,22.0,21,15,46.0,0.0,0.0,0.0,28000.0,14
447,33,3,Indemne,Pas de sécurité,201800037420,1.0,0,0.0,2.0,3.0,15.0,1.0,1,2,9.0,0.0,0.0,0.0,1964.0,1
448,45,7,Indemne,Pas de sécurité,2018000271965,8.0,0,1.0,25.0,33.0,49.0,19.0,15,11,37.0,0.0,0.0,0.0,19920.0,10
449,63,10,Indemne,Pas de sécurité,403600079792,1.0,0,0.0,4.0,4.0,16.0,2.0,2,2,10.0,0.0,0.0,0.0,4007.0,2
450,76,13,Indemne,Pas de sécurité,201800010529,0.0,0,0.0,9.0,5.0,1.0,1.0,1,1,2.0,0.0,0.0,0.0,2003.0,1
451,136,21,Indemne,Pas de sécurité,201800011768,1.0,0,0.0,2.0,7.0,17.0,1.0,1,1,5.0,0.0,0.0,0.0,1973.0,1
452,147,30,Indemne,Pas de sécurité,403600076853,3.0,0,0.0,2.0,2.0,33.0,2.0,2,3,8.0,0.0,0.0,0.0,3984.0,2
453,171,32,Indemne,Pas de sécurité,1210800282365,10.0,0,0.0,8.0,14.0,56.0,7.0,7,7,17.0,0.0,0.0,0.0,11962.0,6
454,182,33,Indemne,Pas de sécurité,605400113497,3.0,0,1.0,3.0,5.0,4.0,4.0,4,3,15.0,0.0,0.0,0.0,5979.0,3
455,196,34,Indemne,Pas de sécurité,1009000223103,6.0,0,0.0,9.0,18.0,39.0,9.0,6,6,11.0,0.0,0.0,0.0,9942.0,5
456,206,35,Indemne,Pas de sécurité,201800057564,2.0,0,14.0,1.0,7.0,17.0,1.0,1,1,9.0,0.0,0.0,0.0,1989.0,1
457,213,36,Indemne,Pas de sécurité,1412600108456,2.0,0,0.0,0.0,37.0,66.0,11.0,10,8,35.0,0.0,0.0,0.0,13909.0,7
458,267,1,Tué,Pas de sécurité,7668400869349,40.0,0,26.0,53.0,118.0,232.0,38.0,38,43,152.0,0.0,0.0,0.0,74665.0,38
459,278,2,Tué,Pas de sécurité,2219800375907,12.0,0,30.0,18.0,14.0,32.0,12.0,12,11,40.0,0.0,0.0,0.0,21871.0,11
460,293,7,Tué,Pas de sécurité,5852200904875,36.0,0,0.0,100.0,86.0,157.0,31.0,31,30,109.0,0.0,0.0,0.0,57270.0,29
461,310,10,Tué,Pas de sécurité,807200180310,5.0,0,0.0,15.0,14.0,31.0,4.0,4,4,23.0,0.0,0.0,0.0,7865.0,4
462,329,14,Tué,Pas de sécurité,605400141965,1.0,0,0.0,13.0,16.0,33.0,3.0,3,5,6.0,0.0,0.0,0.0,5926.0,3
463,340,15,Tué,Pas de sécurité,403600061697,3.0,0,0.0,11.0,4.0,16.0,2.0,2,3,8.0,0.0,0.0,0.0,3941.0,2
464,354,17,Tué,Pas de sécurité,201800018851,2.0,0,0.0,2.0,2.0,2.0,1.0,1,2,1.0,0.0,0.0,0.0,1998.0,1
465,371,21,Tué,Pas de sécurité,201800018448,2.0,0,0.0,2.0,8.0,1.0,1.0,1,1,5.0,0.0,0.0,0.0,1946.0,1
466,376,30,Tué,Pas de sécurité,403600090439,3.0,0,20.0,0.0,2.0,1.0,2.0,2,2,10.0,0.0,0.0,0.0,3942.0,2
467,381,31,Tué,Pas de sécurité,1009000130486,3.0,0,0.0,10.0,15.0,26.0,5.0,5,5,20.0,0.0,0.0,0.0,9975.0,5
468,384,32,Tué,Pas de sécurité,807200173054,4.0,0,26.0,4.0,4.0,15.0,5.0,5,4,20.0,0.0,0.0,0.0,7941.0,4
469,389,33,Tué,Pas de sécurité,2623400381925,15.0,0,56.0,8.0,28.0,63.0,14.0,14,13,54.0,0.0,0.0,0.0,25837.0,13
470,396,34,Tué,Pas de sécurité,605400151681,4.0,0,16.0,4.0,4.0,28.0,3.0,3,3,5.0,0.0,0.0,0.0,5947.0,3
471,398,35,Tué,Pas de sécurité,201800015098,0.0,0,0.0,0.0,0.0,2.0,1.0,1,1,4.0,0.0,0.0,0.0,2001.0,1
472,401,36,Tué,Pas de sécurité,201800034124,0.0,0,0.0,0.0,0.0,0.0,1.0,1,1,0.0,0.0,0.0,0.0,1980.0,1
473,406,37,Tué,Pas de sécurité,201800023571,1.0,1,0.0,9.0,2.0,1.0,1.0,1,1,3.0,0.0,0.0,0.0,1928.0,1
474,429,1,Blessé hospitalisé,Pas de sécurité,45405005323892,207.0,0,204.0,391.0,767.0,1426.0,225.0,225,276,838.0,0.0,0.0,0.0,445054.0,225
475,442,2,Blessé hospitalisé,Pas de sécurité,8677401089422,35.0,0,138.0,40.0,91.0,205.0,53.0,51,47,181.0,0.0,0.0,0.0,85621.0,43
476,464,7,Blessé hospitalisé,Pas de sécurité,44597805538432,218.0,0,88.0,688.0,662.0,1670.0,233.0,233,259,820.0,0.0,0.0,0.0,438311.0,221
477,482,10,Blessé hospitalisé,Pas de sécurité,2623400340003,13.0,0,0.0,43.0,20.0,63.0,14.0,14,16,35.0,0.0,0.0,0.0,25679.0,13
478,497,13,Blessé hospitalisé,Pas de sécurité,1009000156504,6.0,0,0.0,24.0,12.0,14.0,5.0,5,5,14.0,0.0,0.0,0.0,9923.0,5
479,508,14,Blessé hospitalisé,Pas de sécurité,605400104173,4.0,0,0.0,6.0,14.0,32.0,3.0,3,5,9.0,0.0,0.0,0.0,5927.0,3
480,519,15,Blessé hospitalisé,Pas de sécurité,807200133200,5.0,0,0.0,22.0,11.0,26.0,4.0,4,6,9.0,0.0,0.0,0.0,7880.0,4
481,557,21,Blessé hospitalisé,Pas de sécurité,201800011516,0.0,0,0.0,2.0,3.0,1.0,1.0,1,1,5.0,0.0,0.0,0.0,1981.0,1
482,565,30,Blessé hospitalisé,Pas de sécurité,3027000463814,16.0,0,39.0,18.0,27.0,76.0,16.0,16,15,56.0,0.0,0.0,0.0,29903.0,15
483,575,31,Blessé hospitalisé,Pas de sécurité,7870201091258,39.0,0,67.0,60.0,50.0,199.0,47.0,47,41,156.0,0.0,0.0,0.0,77835.0,39
484,585,32,Blessé hospitalisé,Pas de sécurité,1009000218154,5.0,0,24.0,2.0,9.0,16.0,7.0,6,5,20.0,0.0,0.0,0.0,9963.0,5
485,595,33,Blessé hospitalisé,Pas de sécurité,7264801091526,39.0,0,91.0,47.0,79.0,190.0,40.0,40,41,117.0,0.0,0.0,0.0,71480.0,36
486,608,34,Blessé hospitalisé,Pas de sécurité,3834200645442,19.0,0,10.0,32.0,49.0,142.0,23.0,23,22,69.0,0.0,0.0,0.0,37834.0,19
487,615,35,Blessé hospitalisé,Pas de sécurité,403600030442,1.0,0,16.0,2.0,3.0,14.0,3.0,3,2,5.0,0.0,0.0,0.0,3986.0,2
488,618,36,Blessé hospitalisé,Pas de sécurité,3027000183307,5.0,0,65.0,4.0,77.0,84.0,23.0,21,19,70.0,0.0,0.0,0.0,29786.0,15
489,629,37,Blessé hospitalisé,Pas de sécurité,201800023950,2.0,1,0.0,2.0,5.0,1.0,1.0,1,1,5.0,0.0,0.0,0.0,1935.0,1
490,659,99,Blessé hospitalisé,Pas de sécurité,201800011495,2.0,0,0.0,9.0,1.0,1.0,1.0,1,1,2.0,0.0,0.0,0.0,2004.0,1
491,673,1,Blessé léger,Pas de sécurité,62154410232702,350.0,0,87.0,560.0,1061.0,2112.0,311.0,311,405,995.0,0.0,0.0,0.0,610312.0,308
492,688,2,Blessé léger,Pas de sécurité,8475601515151,39.0,0,46.0,62.0,133.0,236.0,61.0,52,46,155.0,0.0,0.0,0.0,83710.0,42
493,702,3,Blessé léger,Pas de sécurité,403600088405,2.0,0,0.0,2.0,3.0,1.0,2.0,2,2,5.0,0.0,0.0,0.0,3980.0,2
494,715,7,Blessé léger,Pas de sécurité,58522009926679,322.0,0,20.0,800.0,917.0,2686.0,311.0,303,372,963.0,0.0,0.0,0.0,575480.0,290
495,733,10,Blessé léger,Pas de sécurité,6255801070787,33.0,0,0.0,84.0,112.0,267.0,35.0,34,38,116.0,0.0,0.0,0.0,61362.0,31
496,749,13,Blessé léger,Pas de sécurité,605400166723,1.0,0,0.0,20.0,6.0,19.0,4.0,4,4,5.0,0.0,0.0,0.0,5979.0,3
497,763,14,Blessé léger,Pas de sécurité,605400107939,4.0,0,0.0,13.0,9.0,34.0,3.0,3,3,11.0,0.0,0.0,0.0,5903.0,3
498,823,30,Blessé léger,Pas de sécurité,3834200625288,19.0,0,14.0,42.0,27.0,80.0,20.0,20,23,57.0,0.0,0.0,0.0,37856.0,19
499,834,31,Blessé léger,Pas de sécurité,4439600867972,32.0,0,3.0,36.0,47.0,161.0,29.0,29,24,94.0,0.0,0.0,0.0,43865.0,22
500,847,32,Blessé léger,Pas de sécurité,3228800700682,21.0,0,0.0,34.0,35.0,80.0,18.0,18,20,64.0,0.0,0.0,0.0,31743.0,16
501,859,33,Blessé léger,Pas de sécurité,4439600952746,22.0,0,18.0,42.0,61.0,164.0,24.0,24,24,101.0,0.0,0.0,0.0,43703.0,22
502,873,34,Blessé léger,Pas de sécurité,4439600912541,27.0,0,6.0,28.0,42.0,108.0,26.0,26,24,50.0,0.0,0.0,0.0,43669.0,22
503,887,36,Blessé léger,Pas de sécurité,2421600174378,12.0,0,9.0,0.0,19.0,139.0,45.0,23,15,60.0,0.0,0.0,0.0,23848.0,12
504,895,37,Blessé léger,Pas de sécurité,605400098059,3.0,97,0.0,4.0,15.0,9.0,3.0,3,3,11.0,0.0,0.0,0.0,5992.0,3
505,909,38,Blessé léger,Pas de sécurité,403600070660,3.0,1,0.0,11.0,10.0,17.0,2.0,2,2,14.0,0.0,0.0,0.0,3995.0,2
506,932,99,Blessé léger,Pas de sécurité,201800039734,1.0,0,0.0,2.0,1.0,0.0,1.0,1,2,0.0,0.0,0.0,0.0,1999.0,1
507,48,7,Indemne,Pas de sécurité,807200138540,4.0,0,0.0,8.0,9.0,19.0,8.0,8,4,0.0,0.0,0.0,0.0,8064.0,4
508,296,7,Tué,Pas de sécurité,605400047918,5.0,0,0.0,4.0,11.0,28.0,13.0,6,6,15.0,0.0,0.0,0.0,6034.0,3
509,313,10,Tué,Pas de sécurité,201800056336,1.0,0,0.0,2.0,1.0,13.0,7.0,2,1,5.0,0.0,0.0,0.0,2014.0,1
510,407,37,Tué,Pas de sécurité,201800056336,2.0,5,0.0,2.0,1.0,1.0,7.0,2,1,5.0,0.0,0.0,0.0,2014.0,1
511,467,7,Blessé hospitalisé,Pas de sécurité,807200058428,4.0,0,21.0,4.0,4.0,28.0,23.0,8,5,18.0,0.0,0.0,0.0,8056.0,4
512,485,10,Blessé hospitalisé,Pas de sécurité,201800022993,1.0,0,1.0,0.0,1.0,1.0,3.0,2,1,0.0,0.0,0.0,0.0,2012.0,1
513,521,15,Blessé hospitalisé,Pas de sécurité,201800022993,1.0,0,0.0,2.0,4.0,23.0,3.0,2,1,0.0,0.0,0.0,0.0,2012.0,1
514,718,7,Blessé léger,Pas de sécurité,1009000117424,7.0,0,0.0,10.0,15.0,19.0,13.0,9,6,27.0,0.0,0.0,0.0,10055.0,5
515,935,99,Blessé léger,Pas de sécurité,201800014798,1.0,0,0.0,2.0,7.0,14.0,1.0,1,2,5.0,0.0,0.0,0.0,2009.0,1
516,51,7,Indemne,Pas de sécurité,605400057283,5.0,0,1.0,5.0,9.0,17.0,2.0,5,4,18.0,0.0,0.0,0.0,5940.0,3
517,137,21,Indemne,Pas de sécurité,403600024112,3.0,0,0.0,4.0,10.0,10.0,2.0,2,2,8.0,0.0,0.0,0.0,3964.0,2
518,186,33,Indemne,Pas de sécurité,403600052792,2.0,0,0.0,4.0,4.0,15.0,2.0,2,2,9.0,0.0,0.0,0.0,3982.0,2
519,270,1,Tué,Pas de sécurité,1816200097815,10.0,0,0.0,10.0,23.0,51.0,9.0,9,10,40.0,0.0,0.0,0.0,17749.0,9
520,298,7,Tué,Pas de sécurité,2219800146548,12.0,0,0.0,45.0,18.0,24.0,6.0,21,12,51.0,5.0,6.0,7.0,21827.0,11
521,343,15,Tué,Pas de sécurité,201800003533,1.0,0,0.0,2.0,3.0,1.0,1.0,1,1,5.0,0.0,0.0,0.0,1950.0,1
522,391,33,Tué,Pas de sécurité,201800019461,1.0,0,0.0,2.0,1.0,13.0,1.0,1,1,5.0,0.0,0.0,0.0,1967.0,1
523,432,1,Blessé hospitalisé,Pas de sécurité,4641400298587,22.0,0,21.0,46.0,61.0,72.0,23.0,23,26,88.0,0.0,0.0,0.0,45360.0,23
524,444,2,Blessé hospitalisé,Pas de sécurité,605400028638,2.0,0,12.0,3.0,3.0,3.0,0.0,9,4,14.0,4.0,12.0,3.0,5920.0,3
525,470,7,Blessé hospitalisé,Pas de sécurité,6457600474142,31.0,0,14.0,102.0,86.0,166.0,17.0,65,40,144.0,39.0,36.0,23.0,63069.0,32
526,487,10,Blessé hospitalisé,Pas de sécurité,605400035265,2.0,0,0.0,3.0,9.0,3.0,0.0,9,3,14.0,3.0,10.0,3.0,5929.0,3
527,500,13,Blessé hospitalisé,Pas de sécurité,201800001064,1.0,0,0.0,9.0,2.0,2.0,1.0,1,2,5.0,0.0,0.0,0.0,1991.0,1
528,511,14,Blessé hospitalisé,Pas de sécurité,201800022714,1.0,0,0.0,2.0,2.0,1.0,1.0,1,1,1.0,0.0,0.0,0.0,2001.0,1
529,598,33,Blessé hospitalisé,Pas de sécurité,201800003002,0.0,0,0.0,0.0,1.0,1.0,1.0,1,1,5.0,0.0,0.0,0.0,1994.0,1
530,631,37,Blessé hospitalisé,Pas de sécurité,201800025210,2.0,20,0.0,0.0,0.0,7.0,2.0,2,2,3.0,0.0,0.0,0.0,1975.0,1
531,641,38,Blessé hospitalisé,Pas de sécurité,201800006166,0.0,10,0.0,0.0,8.0,1.0,1.0,1,2,1.0,0.0,0.0,0.0,1976.0,1
532,662,99,Blessé hospitalisé,Pas de sécurité,201800026240,1.0,0,0.0,2.0,1.0,2.0,1.0,1,1,5.0,0.0,0.0,0.0,1954.0,1
533,678,1,Blessé léger,Pas de sécurité,4641400639100,19.0,0,1.0,54.0,73.0,152.0,23.0,23,26,81.0,0.0,0.0,0.0,45594.0,23
534,692,2,Blessé léger,Pas de sécurité,201800015336,1.0,0,0.0,1.0,3.0,1.0,0.0,3,2,5.0,1.0,1.0,3.0,1960.0,1
535,721,7,Blessé léger,Pas de sécurité,6659400829600,33.0,0,3.0,63.0,63.0,186.0,21.0,57,39,110.0,35.0,32.0,20.0,65535.0,33
536,738,10,Blessé léger,Pas de sécurité,1009000149549,3.0,0,2.0,6.0,10.0,17.0,1.0,13,6,18.0,18.0,15.0,10.0,9988.0,5
537,752,13,Blessé léger,Pas de sécurité,201800001131,2.0,0,0.0,1.0,3.0,0.0,0.0,3,1,2.0,3.0,3.0,1.0,1997.0,1
538,936,99,Blessé léger,Pas de sécurité,403600095913,2.0,0,0.0,4.0,0.0,0.0,2.0,2,2,6.0,0.0,0.0,0.0,3981.0,2
539,12,1,Indemne,Pas de sécurité,3430600549943,19.0,0,2.0,26.0,58.0,116.0,17.0,17,19,41.0,0.0,0.0,0.0,33688.0,17
540,25,2,Indemne,Pas de sécurité,1210800142461,8.0,0,13.0,12.0,27.0,56.0,6.0,6,7,29.0,0.0,0.0,0.0,11878.0,6
541,36,3,Indemne,Pas de sécurité,403600081352,4.0,0,0.0,0.0,18.0,20.0,9.0,4,3,10.0,0.0,0.0,0.0,4001.0,2
542,54,7,Indemne,Pas de sécurité,17153002693753,97.0,0,112.0,164.0,254.0,814.0,91.0,90,103,242.0,0.0,0.0,0.0,167863.0,85
543,69,10,Indemne,Pas de sécurité,1009000175247,8.0,0,0.0,16.0,17.0,61.0,5.0,5,5,8.0,0.0,0.0,0.0,9932.0,5
544,97,15,Indemne,Pas de sécurité,201800040607,1.0,0,0.0,2.0,1.0,2.0,1.0,1,1,4.0,0.0,0.0,0.0,1981.0,1
545,116,17,Indemne,Pas de sécurité,403600042201,3.0,0,0.0,2.0,10.0,48.0,2.0,2,2,5.0,0.0,0.0,0.0,3936.0,2
546,128,20,Indemne,Pas de sécurité,201800032716,1.0,0,0.0,2.0,1.0,9.0,1.0,1,1,4.0,0.0,0.0,0.0,1976.0,1
547,139,21,Indemne,Pas de sécurité,6255800424721,29.0,0,0.0,65.0,146.0,273.0,32.0,32,31,139.0,0.0,0.0,0.0,61353.0,31
548,151,30,Indemne,Pas de sécurité,1412600104560,4.0,0,0.0,13.0,22.0,53.0,7.0,10,8,31.0,2.0,3.0,1.0,13914.0,7
549,163,31,Indemne,Pas de sécurité,403600037959,1.0,0,1.0,3.0,9.0,3.0,2.0,2,2,13.0,0.0,0.0,0.0,3959.0,2
550,188,33,Indemne,Pas de sécurité,3027000421960,17.0,0,1.0,28.0,38.0,122.0,15.0,15,17,60.0,0.0,0.0,0.0,29612.0,15
551,201,34,Indemne,Pas de sécurité,807200130120,6.0,0,0.0,8.0,18.0,36.0,4.0,4,6,11.0,0.0,0.0,0.0,7902.0,4
552,216,36,Indemne,Pas de sécurité,201800001357,0.0,0,0.0,0.0,9.0,16.0,2.0,2,2,5.0,0.0,0.0,0.0,2000.0,1
553,226,37,Indemne,Pas de sécurité,807200154771,6.0,2,1.0,6.0,15.0,21.0,4.0,4,4,21.0,0.0,0.0,0.0,7920.0,4
554,244,39,Indemne,Pas de sécurité,807200078688,8.0,65,0.0,6.0,22.0,4.0,5.0,5,4,16.0,0.0,0.0,0.0,7881.0,4
555,251,40,Indemne,Pas de sécurité,403600086609,1.0,155,0.0,2.0,6.0,19.0,2.0,2,2,8.0,0.0,0.0,0.0,3943.0,2
556,262,99,Indemne,Pas de sécurité,1210800211267,6.0,0,13.0,3.0,6.0,18.0,6.0,6,7,28.0,0.0,0.0,0.0,11830.0,6
557,273,1,Tué,Pas de sécurité,2219800143228,4.0,0,30.0,11.0,40.0,70.0,11.0,14,12,50.0,2.0,3.0,1.0,21584.0,11
558,301,7,Tué,Pas de sécurité,2421600114939,15.0,0,41.0,12.0,22.0,86.0,12.0,23,13,63.0,6.0,10.0,5.0,23652.0,12
559,316,10,Tué,Pas de sécurité,403600031605,2.0,0,0.0,6.0,2.0,20.0,1.0,4,2,14.0,3.0,3.0,1.0,3918.0,2
560,332,14,Tué,Pas de sécurité,201800026741,1.0,0,0.0,2.0,7.0,16.0,1.0,1,1,0.0,0.0,0.0,0.0,1981.0,1
561,344,15,Tué,Pas de sécurité,201800001460,2.0,0,0.0,1.0,3.0,1.0,0.0,3,2,5.0,2.0,3.0,1.0,1961.0,1
562,373,21,Tué,Pas de sécurité,201800000587,0.0,0,0.0,0.0,9.0,13.0,1.0,1,1,4.0,0.0,0.0,0.0,1968.0,1
563,413,38,Tué,Pas de sécurité,201800003414,1.0,31,4.0,0.0,7.0,1.0,1.0,1,1,4.0,0.0,0.0,0.0,1948.0,1
564,423,99,Tué,Pas de sécurité,605400101559,1.0,0,13.0,3.0,10.0,35.0,4.0,4,3,19.0,0.0,0.0,0.0,5926.0,3
565,435,1,Blessé hospitalisé,Pas de sécurité,11099001084002,53.0,0,80.0,86.0,197.0,310.0,56.0,56,64,221.0,0.0,0.0,0.0,108627.0,55
566,446,2,Blessé hospitalisé,Pas de sécurité,201800039638,1.0,0,0.0,1.0,1.0,19.0,1.0,1,1,9.0,0.0,0.0,0.0,2001.0,1
567,455,3,Blessé hospitalisé,Pas de sécurité,201800040676,2.0,0,0.0,0.0,9.0,10.0,3.0,2,1,5.0,0.0,0.0,0.0,1999.0,1
568,473,7,Blessé hospitalisé,Pas de sécurité,17960201977621,94.0,0,70.0,221.0,243.0,704.0,84.0,152,118,347.0,70.0,79.0,31.0,175599.0,89
569,489,10,Blessé hospitalisé,Pas de sécurité,605400058873,2.0,0,0.0,5.0,9.0,20.0,10.0,6,3,12.0,5.0,4.0,1.0,5928.0,3
570,501,13,Blessé hospitalisé,Pas de sécurité,201800010529,0.0,0,0.0,9.0,5.0,1.0,2.0,2,1,2.0,0.0,0.0,0.0,2003.0,1
571,559,21,Blessé hospitalisé,Pas de sécurité,1009000057932,5.0,0,0.0,3.0,9.0,6.0,9.0,9,6,28.0,0.0,1.0,1.0,9893.0,5
572,568,30,Blessé hospitalisé,Pas de sécurité,403600086048,2.0,0,0.0,11.0,3.0,17.0,2.0,2,3,0.0,0.0,0.0,0.0,3979.0,2
573,578,31,Blessé hospitalisé,Pas de sécurité,807200159253,5.0,0,3.0,6.0,6.0,40.0,4.0,4,4,19.0,0.0,0.0,0.0,7916.0,4
574,600,33,Blessé hospitalisé,Pas de sécurité,201800056572,1.0,0,0.0,2.0,1.0,1.0,1.0,1,1,5.0,0.0,0.0,0.0,1979.0,1
575,611,34,Blessé hospitalisé,Pas de sécurité,403600088486,2.0,0,1.0,2.0,1.0,23.0,3.0,3,2,10.0,0.0,0.0,0.0,3996.0,2
576,621,36,Blessé hospitalisé,Pas de sécurité,201800001357,0.0,0,0.0,0.0,9.0,16.0,2.0,2,2,5.0,0.0,0.0,0.0,2000.0,1
577,633,37,Blessé hospitalisé,Pas de sécurité,807200106079,4.0,92,0.0,6.0,16.0,5.0,11.0,10,7,14.0,11.0,6.0,2.0,7913.0,4
578,643,38,Blessé hospitalisé,Pas de sécurité,201800001023,1.0,1,0.0,2.0,2.0,1.0,1.0,1,1,5.0,0.0,0.0,0.0,2005.0,1
579,665,99,Blessé hospitalisé,Pas de sécurité,3027000471851,17.0,0,0.0,33.0,37.0,111.0,16.0,16,16,41.0,0.0,0.0,0.0,29729.0,15
580,681,1,Blessé léger,Pas de sécurité,9686401429542,53.0,0,21.0,94.0,178.0,355.0,48.0,48,61,190.0,0.0,0.0,0.0,95012.0,48
581,694,2,Blessé léger,Pas de sécurité,201800042672,1.0,0,0.0,2.0,7.0,19.0,2.0,2,1,5.0,0.0,0.0,0.0,2000.0,1
582,706,3,Blessé léger,Pas de sécurité,201800040676,2.0,0,0.0,0.0,9.0,10.0,6.0,2,1,5.0,0.0,0.0,0.0,2001.0,1
583,724,7,Blessé léger,Pas de sécurité,20987203242837,115.0,0,90.0,261.0,292.0,942.0,113.0,156,143,350.0,56.0,57.0,25.0,205966.0,104
584,741,10,Blessé léger,Pas de sécurité,2018000376462,14.0,0,14.0,25.0,29.0,58.0,25.0,16,14,36.0,0.0,0.0,0.0,19872.0,10
585,755,13,Blessé léger,Pas de sécurité,201800048071,2.0,0,0.0,2.0,2.0,19.0,1.0,1,1,0.0,0.0,0.0,0.0,1997.0,1
586,770,14,Blessé léger,Pas de sécurité,201800051134,2.0,0,1.0,2.0,6.0,1.0,2.0,2,2,3.0,0.0,0.0,0.0,1958.0,1
587,816,21,Blessé léger,Pas de sécurité,403600021242,2.0,0,13.0,2.0,15.0,38.0,2.0,2,2,5.0,0.0,0.0,0.0,3907.0,2
588,827,30,Blessé léger,Pas de sécurité,403600061890,1.0,0,0.0,4.0,8.0,15.0,2.0,2,2,4.0,0.0,0.0,0.0,4000.0,2
589,839,31,Blessé léger,Pas de sécurité,1210800211372,7.0,0,0.0,11.0,13.0,81.0,7.0,7,7,30.0,0.0,0.0,0.0,11970.0,6
590,865,33,Blessé léger,Pas de sécurité,1210800179381,4.0,0,8.0,14.0,17.0,66.0,6.0,6,6,6.0,0.0,0.0,0.0,11873.0,6
591,877,34,Blessé léger,Pas de sécurité,403600051872,2.0,0,0.0,3.0,3.0,2.0,1.0,4,2,14.0,0.0,3.0,1.0,3918.0,2
592,901,37,Blessé léger,Pas de sécurité,4036000545876,26.0,136,2.0,28.0,65.0,98.0,75.0,38,32,86.0,0.0,0.0,0.0,39494.0,20
593,939,99,Blessé léger,Pas de sécurité,2623400459047,9.0,0,1.0,18.0,41.0,135.0,17.0,14,14,44.0,0.0,0.0,0.0,25821.0,13
594,3,1,Indemne,Non determinable,7466601349187,41.0,0,38.0,52.0,129.0,184.0,39.0,39,47,115.0,0.0,0.0,0.0,73158.0,37
595,17,2,Indemne,Non determinable,2825200414041,15.0,0,1.0,20.0,27.0,105.0,14.0,14,16,61.0,0.0,0.0,0.0,27655.0,14
596,30,3,Indemne,Non determinable,605400139749,2.0,0,0.0,6.0,14.0,19.0,4.0,4,3,13.0,0.0,0.0,0.0,5946.0,3
597,42,7,Indemne,Non determinable,111393617369046,641.0,0,591.0,904.0,1561.0,4837.0,1139.0,696,694,1572.0,0.0,0.0,0.0,1094020.0,552
598,60,10,Indemne,Non determinable,13924202285303,77.0,0,83.0,111.0,215.0,606.0,136.0,87,76,218.0,0.0,0.0,0.0,136731.0,69
599,74,13,Indemne,Non determinable,2219800344630,14.0,0,0.0,22.0,31.0,75.0,15.0,14,12,19.0,0.0,0.0,0.0,21806.0,11
600,83,14,Indemne,Non determinable,1412600184825,8.0,0,3.0,17.0,27.0,61.0,15.0,8,7,27.0,0.0,0.0,0.0,13845.0,7
601,92,15,Indemne,Non determinable,3430600307586,24.0,0,14.0,30.0,51.0,224.0,29.0,22,21,64.0,0.0,0.0,0.0,33399.0,17
602,102,16,Indemne,Non determinable,201800054261,1.0,0,0.0,2.0,3.0,22.0,1.0,1,1,4.0,0.0,0.0,0.0,1960.0,1
603,109,17,Indemne,Non determinable,3430600246148,22.0,0,14.0,29.0,71.0,93.0,50.0,25,17,72.0,0.0,0.0,0.0,33830.0,17
604,121,20,Indemne,Non determinable,807200091166,3.0,0,0.0,2.0,18.0,63.0,4.0,4,4,16.0,0.0,0.0,0.0,7865.0,4
605,133,21,Indemne,Non determinable,5045000329107,29.0,0,1.0,37.0,87.0,190.0,28.0,27,28,104.0,0.0,0.0,0.0,49504.0,25
606,144,30,Indemne,Non determinable,2018000373993,11.0,0,0.0,21.0,15.0,72.0,10.0,10,12,9.0,0.0,0.0,0.0,19786.0,10
607,156,31,Indemne,Non determinable,4843200935396,34.0,0,3.0,41.0,50.0,180.0,31.0,28,32,64.0,0.0,0.0,0.0,47486.0,24
608,168,32,Indemne,Non determinable,2219800449610,17.0,0,0.0,22.0,42.0,120.0,12.0,12,13,19.0,0.0,0.0,0.0,21805.0,11
609,179,33,Indemne,Non determinable,8677401269624,51.0,0,12.0,78.0,131.0,325.0,44.0,44,53,127.0,0.0,0.0,0.0,84978.0,43
610,193,34,Indemne,Non determinable,1412600257673,5.0,0,1.0,12.0,5.0,53.0,7.0,7,9,2.0,0.0,0.0,0.0,13874.0,7
611,210,36,Indemne,Non determinable,201800015745,0.0,0,0.0,2.0,3.0,1.0,1.0,1,1,4.0,0.0,0.0,0.0,1981.0,1
612,220,37,Indemne,Non determinable,3027000404124,15.0,55,11.0,24.0,47.0,62.0,41.0,20,17,63.0,0.0,0.0,0.0,29706.0,15
613,231,38,Indemne,Non determinable,17153001448004,115.0,2488,235.0,122.0,243.0,103.0,503.0,169,127,238.0,0.0,0.0,0.0,170108.0,85
614,240,39,Indemne,Non determinable,605400032588,2.0,149,1.0,4.0,6.0,3.0,9.0,4,4,13.0,0.0,0.0,0.0,5963.0,3
615,248,40,Indemne,Non determinable,403600040971,1.0,0,0.0,3.0,8.0,2.0,3.0,3,2,4.0,0.0,0.0,0.0,3960.0,2
616,257,99,Indemne,Non determinable,2421600447141,10.0,0,15.0,21.0,17.0,35.0,12.0,12,13,42.0,0.0,0.0,0.0,23737.0,12
617,283,3,Tué,Non determinable,605400039615,3.0,0,14.0,4.0,8.0,30.0,3.0,3,3,15.0,0.0,0.0,0.0,5856.0,3
618,290,7,Tué,Non determinable,44597803974318,281.0,0,1104.0,169.0,647.0,1107.0,370.0,273,274,873.0,0.0,0.0,0.0,436729.0,221
619,307,10,Tué,Non determinable,4237800482056,26.0,0,51.0,24.0,42.0,81.0,33.0,24,23,69.0,0.0,0.0,0.0,41422.0,21
620,326,14,Tué,Non determinable,807200068310,5.0,0,35.0,2.0,11.0,30.0,8.0,6,4,16.0,0.0,0.0,0.0,7881.0,4
621,337,15,Tué,Non determinable,807200057882,6.0,0,1.0,4.0,16.0,28.0,7.0,5,4,17.0,0.0,0.0,0.0,7837.0,4
622,351,17,Tué,Non determinable,2219800315625,14.0,0,16.0,14.0,22.0,109.0,25.0,16,14,37.0,0.0,0.0,0.0,21835.0,11
623,362,20,Tué,Non determinable,807200081088,8.0,0,17.0,0.0,16.0,4.0,5.0,5,4,14.0,0.0,0.0,0.0,7892.0,4
624,369,21,Tué,Non determinable,1210800073817,8.0,0,21.0,4.0,18.0,31.0,9.0,7,6,32.0,0.0,0.0,0.0,11842.0,6
625,417,39,Tué,Non determinable,201800015631,0.0,77,1.0,0.0,1.0,1.0,1.0,1,1,0.0,0.0,0.0,0.0,1982.0,1
626,440,2,Blessé hospitalisé,Non determinable,201800049214,2.0,0,0.0,2.0,4.0,0.0,2.0,2,1,0.0,0.0,0.0,0.0,2000.0,1
627,451,3,Blessé hospitalisé,Non determinable,807200098127,5.0,0,15.0,6.0,9.0,15.0,4.0,4,5,15.0,0.0,0.0,0.0,7941.0,4
628,461,7,Blessé hospitalisé,Non determinable,87581208667605,534.0,0,1678.0,405.0,1165.0,2744.0,996.0,593,544,1690.0,0.0,0.0,0.0,860567.0,434
629,479,10,Blessé hospitalisé,Non determinable,10291800952527,54.0,0,163.0,65.0,167.0,448.0,94.0,73,66,193.0,0.0,0.0,0.0,101003.0,51
630,494,13,Blessé hospitalisé,Non determinable,605400116355,4.0,0,0.0,6.0,7.0,16.0,6.0,4,6,2.0,0.0,0.0,0.0,5973.0,3
631,505,14,Blessé hospitalisé,Non determinable,3027000660946,28.0,0,169.0,0.0,23.0,55.0,61.0,27,17,57.0,0.0,0.0,0.0,29695.0,15
632,516,15,Blessé hospitalisé,Non determinable,2825200189538,23.0,0,28.0,10.0,36.0,119.0,22.0,17,15,52.0,0.0,0.0,0.0,27654.0,14
633,527,16,Blessé hospitalisé,Non determinable,605400051114,3.0,0,13.0,4.0,9.0,39.0,3.0,3,3,3.0,0.0,0.0,0.0,5871.0,3
634,533,17,Blessé hospitalisé,Non determinable,2219800111247,16.0,0,6.0,10.0,46.0,39.0,29.0,17,13,50.0,0.0,0.0,0.0,21772.0,11
635,544,20,Blessé hospitalisé,Non determinable,403600064208,2.0,0,0.0,4.0,16.0,18.0,3.0,3,2,8.0,0.0,0.0,0.0,3960.0,2
636,554,21,Blessé hospitalisé,Non determinable,2018000176672,14.0,0,36.0,8.0,28.0,64.0,16.0,12,11,47.0,0.0,0.0,0.0,19778.0,10
637,592,33,Blessé hospitalisé,Non determinable,201800013493,2.0,0,9.0,2.0,1.0,1.0,2.0,2,2,5.0,0.0,0.0,0.0,1968.0,1
638,605,34,Blessé hospitalisé,Non determinable,201800038700,2.0,0,0.0,2.0,1.0,21.0,1.0,1,1,1.0,0.0,0.0,0.0,1982.0,1
639,626,37,Blessé hospitalisé,Non determinable,2018000378880,13.0,48,0.0,16.0,45.0,78.0,37.0,16,15,34.0,0.0,0.0,0.0,19776.0,10
640,638,38,Blessé hospitalisé,Non determinable,403600112044,0.0,6,0.0,0.0,0.0,0.0,16.0,4,4,4.0,0.0,0.0,0.0,4009.0,2
641,656,99,Blessé hospitalisé,Non determinable,1412600206098,4.0,0,0.0,12.0,16.0,41.0,8.0,8,9,19.0,0.0,0.0,0.0,13909.0,7
642,670,1,Blessé léger,Non determinable,201800050701,1.0,0,0.0,2.0,3.0,19.0,8.0,2,1,0.0,0.0,0.0,0.0,1931.0,1
643,699,3,Blessé léger,Non determinable,807200128000,5.0,0,13.0,4.0,7.0,4.0,6.0,6,5,10.0,0.0,0.0,0.0,7914.0,4
644,712,7,Blessé léger,Non determinable,93635214692502,528.0,0,1004.0,629.0,1360.0,3083.0,1151.0,686,648,1578.0,0.0,0.0,0.0,921183.0,464
645,730,10,Blessé léger,Non determinable,7466601043705,44.0,0,89.0,46.0,93.0,277.0,84.0,51,45,115.0,0.0,0.0,0.0,73310.0,37
646,746,13,Blessé léger,Non determinable,1412600224941,10.0,0,10.0,9.0,22.0,54.0,10.0,9,9,21.0,0.0,0.0,0.0,13778.0,7
647,760,14,Blessé léger,Non determinable,1412600124122,5.0,0,11.0,10.0,20.0,38.0,28.0,10,8,22.0,0.0,0.0,0.0,13944.0,7
648,775,15,Blessé léger,Non determinable,7264801048131,68.0,0,0.0,15.0,112.0,85.0,238.0,68,42,57.0,0.0,0.0,0.0,71063.0,36
649,787,16,Blessé léger,Non determinable,403600057569,3.0,0,0.0,4.0,6.0,23.0,2.0,2,2,5.0,0.0,0.0,0.0,3979.0,2
650,792,17,Blessé léger,Non determinable,1412600097410,9.0,0,15.0,14.0,32.0,23.0,35.0,11,7,32.0,0.0,0.0,0.0,13946.0,7
651,802,20,Blessé léger,Non determinable,403600071382,3.0,0,0.0,4.0,9.0,11.0,7.0,4,3,4.0,0.0,0.0,0.0,3942.0,2
652,812,21,Blessé léger,Non determinable,1210800086471,8.0,0,13.0,4.0,16.0,57.0,6.0,6,6,27.0,0.0,0.0,0.0,11855.0,6
653,820,30,Blessé léger,Non determinable,403600107085,3.0,0,0.0,4.0,9.0,10.0,2.0,2,2,10.0,0.0,0.0,0.0,3994.0,2
654,844,32,Blessé léger,Non determinable,403600055141,2.0,0,0.0,4.0,4.0,17.0,5.0,3,3,3.0,0.0,0.0,0.0,3977.0,2
655,856,33,Blessé léger,Non determinable,605400162368,4.0,0,0.0,4.0,2.0,2.0,4.0,4,4,6.0,0.0,0.0,0.0,5929.0,3
656,870,34,Blessé léger,Non determinable,201800051704,2.0,0,0.0,2.0,1.0,1.0,1.0,1,1,5.0,0.0,0.0,0.0,2006.0,1
657,892,37,Blessé léger,Non determinable,15135002568443,71.0,1278,11.0,132.0,179.0,331.0,461.0,145,105,165.0,0.0,0.0,0.0,148299.0,75
658,906,38,Blessé léger,Non determinable,3632400236002,28.0,434,23.0,24.0,62.0,18.0,138.0,35,29,74.0,0.0,0.0,0.0,35927.0,18
659,914,39,Blessé léger,Non determinable,201800038217,1.0,0,0.0,2.0,1.0,23.0,1.0,1,1,0.0,0.0,0.0,0.0,1986.0,1
660,929,99,Blessé léger,Non determinable,4843201177622,25.0,0,0.0,38.0,41.0,193.0,25.0,25,27,72.0,0.0,0.0,0.0,47770.0,24
661,6,1,Indemne,Non determinable,9484601779843,63.0,0,12.0,69.0,134.0,234.0,48.0,48,55,183.0,0.0,0.0,0.0,93373.0,47
662,20,2,Indemne,Non determinable,2825200423892,14.0,0,6.0,28.0,43.0,93.0,22.0,21,15,46.0,0.0,0.0,0.0,28000.0,14
663,33,3,Indemne,Non determinable,201800037420,1.0,0,0.0,2.0,3.0,15.0,1.0,1,2,9.0,0.0,0.0,0.0,1964.0,1
664,45,7,Indemne,Non determinable,2018000271965,8.0,0,1.0,25.0,33.0,49.0,19.0,15,11,37.0,0.0,0.0,0.0,19920.0,10
665,63,10,Indemne,Non determinable,403600079792,1.0,0,0.0,4.0,4.0,16.0,2.0,2,2,10.0,0.0,0.0,0.0,4007.0,2
666,76,13,Indemne,Non determinable,201800010529,0.0,0,0.0,9.0,5.0,1.0,1.0,1,1,2.0,0.0,0.0,0.0,2003.0,1
667,136,21,Indemne,Non determinable,201800011768,1.0,0,0.0,2.0,7.0,17.0,1.0,1,1,5.0,0.0,0.0,0.0,1973.0,1
668,147,30,Indemne,Non determinable,403600076853,3.0,0,0.0,2.0,2.0,33.0,2.0,2,3,8.0,0.0,0.0,0.0,3984.0,2
669,171,32,Indemne,Non determinable,1210800282365,10.0,0,0.0,8.0,14.0,56.0,7.0,7,7,17.0,0.0,0.0,0.0,11962.0,6
670,182,33,Indemne,Non determinable,605400113497,3.0,0,1.0,3.0,5.0,4.0,4.0,4,3,15.0,0.0,0.0,0.0,5979.0,3
671,196,34,Indemne,Non determinable,1009000223103,6.0,0,0.0,9.0,18.0,39.0,9.0,6,6,11.0,0.0,0.0,0.0,9942.0,5
672,206,35,Indemne,Non determinable,201800057564,2.0,0,14.0,1.0,7.0,17.0,1.0,1,1,9.0,0.0,0.0,0.0,1989.0,1
673,213,36,Indemne,Non determinable,1412600108456,2.0,0,0.0,0.0,37.0,66.0,11.0,10,8,35.0,0.0,0.0,0.0,13909.0,7
674,267,1,Tué,Non determinable,7668400869349,40.0,0,26.0,53.0,118.0,232.0,38.0,38,43,152.0,0.0,0.0,0.0,74665.0,38
675,278,2,Tué,Non determinable,2219800375907,12.0,0,30.0,18.0,14.0,32.0,12.0,12,11,40.0,0.0,0.0,0.0,21871.0,11
676,293,7,Tué,Non determinable,5852200904875,36.0,0,0.0,100.0,86.0,157.0,31.0,31,30,109.0,0.0,0.0,0.0,57270.0,29
677,310,10,Tué,Non determinable,807200180310,5.0,0,0.0,15.0,14.0,31.0,4.0,4,4,23.0,0.0,0.0,0.0,7865.0,4
678,329,14,Tué,Non determinable,605400141965,1.0,0,0.0,13.0,16.0,33.0,3.0,3,5,6.0,0.0,0.0,0.0,5926.0,3
679,340,15,Tué,Non determinable,403600061697,3.0,0,0.0,11.0,4.0,16.0,2.0,2,3,8.0,0.0,0.0,0.0,3941.0,2
680,354,17,Tué,Non determinable,201800018851,2.0,0,0.0,2.0,2.0,2.0,1.0,1,2,1.0,0.0,0.0,0.0,1998.0,1
681,371,21,Tué,Non determinable,201800018448,2.0,0,0.0,2.0,8.0,1.0,1.0,1,1,5.0,0.0,0.0,0.0,1946.0,1
682,376,30,Tué,Non determinable,403600090439,3.0,0,20.0,0.0,2.0,1.0,2.0,2,2,10.0,0.0,0.0,0.0,3942.0,2
683,381,31,Tué,Non determinable,1009000130486,3.0,0,0.0,10.0,15.0,26.0,5.0,5,5,20.0,0.0,0.0,0.0,9975.0,5
684,384,32,Tué,Non determinable,807200173054,4.0,0,26.0,4.0,4.0,15.0,5.0,5,4,20.0,0.0,0.0,0.0,7941.0,4
685,389,33,Tué,Non determinable,2623400381925,15.0,0,56.0,8.0,28.0,63.0,14.0,14,13,54.0,0.0,0.0,0.0,25837.0,13
686,396,34,Tué,Non determinable,605400151681,4.0,0,16.0,4.0,4.0,28.0,3.0,3,3,5.0,0.0,0.0,0.0,5947.0,3
687,398,35,Tué,Non determinable,201800015098,0.0,0,0.0,0.0,0.0,2.0,1.0,1,1,4.0,0.0,0.0,0.0,2001.0,1
688,401,36,Tué,Non determinable,201800034124,0.0,0,0.0,0.0,0.0,0.0,1.0,1,1,0.0,0.0,0.0,0.0,1980.0,1
689,406,37,Tué,Non determinable,201800023571,1.0,1,0.0,9.0,2.0,1.0,1.0,1,1,3.0,0.0,0.0,0.0,1928.0,1
690,429,1,Blessé hospitalisé,Non determinable,45405005323892,207.0,0,204.0,391.0,767.0,1426.0,225.0,225,276,838.0,0.0,0.0,0.0,445054.0,225
691,442,2,Blessé hospitalisé,Non determinable,8677401089422,35.0,0,138.0,40.0,91.0,205.0,53.0,51,47,181.0,0.0,0.0,0.0,85621.0,43
692,464,7,Blessé hospitalisé,Non determinable,44597805538432,218.0,0,88.0,688.0,662.0,1670.0,233.0,233,259,820.0,0.0,0.0,0.0,438311.0,221
693,482,10,Blessé hospitalisé,Non determinable,2623400340003,13.0,0,0.0,43.0,20.0,63.0,14.0,14,16,35.0,0.0,0.0,0.0,25679.0,13
694,497,13,Blessé hospitalisé,Non determinable,1009000156504,6.0,0,0.0,24.0,12.0,14.0,5.0,5,5,14.0,0.0,0.0,0.0,9923.0,5
695,508,14,Blessé hospitalisé,Non determinable,605400104173,4.0,0,0.0,6.0,14.0,32.0,3.0,3,5,9.0,0.0,0.0,0.0,5927.0,3
696,519,15,Blessé hospitalisé,Non determinable,807200133200,5.0,0,0.0,22.0,11.0,26.0,4.0,4,6,9.0,0.0,0.0,0.0,7880.0,4
697,557,21,Blessé hospitalisé,Non determinable,201800011516,0.0,0,0.0,2.0,3.0,1.0,1.0,1,1,5.0,0.0,0.0,0.0,1981.0,1
698,565,30,Blessé hospitalisé,Non determinable,3027000463814,16.0,0,39.0,18.0,27.0,76.0,16.0,16,15,56.0,0.0,0.0,0.0,29903.0,15
699,575,31,Blessé hospitalisé,Non determinable,7870201091258,39.0,0,67.0,60.0,50.0,199.0,47.0,47,41,156.0,0.0,0.0,0.0,77835.0,39
700,585,32,Blessé hospitalisé,Non determinable,1009000218154,5.0,0,24.0,2.0,9.0,16.0,7.0,6,5,20.0,0.0,0.0,0.0,9963.0,5
701,595,33,Blessé hospitalisé,Non determinable,7264801091526,39.0,0,91.0,47.0,79.0,190.0,40.0,40,41,117.0,0.0,0.0,0.0,71480.0,36
702,608,34,Blessé hospitalisé,Non determinable,3834200645442,19.0,0,10.0,32.0,49.0,142.0,23.0,23,22,69.0,0.0,0.0,0.0,37834.0,19
703,615,35,Blessé hospitalisé,Non determinable,403600030442,1.0,0,16.0,2.0,3.0,14.0,3.0,3,2,5.0,0.0,0.0,0.0,3986.0,2
704,618,36,Blessé hospitalisé,Non determinable,3027000183307,5.0,0,65.0,4.0,77.0,84.0,23.0,21,19,70.0,0.0,0.0,0.0,29786.0,15
705,629,37,Blessé hospitalisé,Non determinable,201800023950,2.0,1,0.0,2.0,5.0,1.0,1.0,1,1,5.0,0.0,0.0,0.0,1935.0,1
706,659,99,Blessé hospitalisé,Non determinable,201800011495,2.0,0,0.0,9.0,1.0,1.0,1.0,1,1,2.0,0.0,0.0,0.0,2004.0,1
707,673,1,Blessé léger,Non determinable,62154410232702,350.0,0,87.0,560.0,1061.0,2112.0,311.0,311,405,995.0,0.0,0.0,0.0,610312.0,308
708,688,2,Blessé léger,Non determinable,8475601515151,39.0,0,46.0,62.0,133.0,236.0,61.0,52,46,155.0,0.0,0.0,0.0,83710.0,42
709,702,3,Blessé léger,Non determinable,403600088405,2.0,0,0.0,2.0,3.0,1.0,2.0,2,2,5.0,0.0,0.0,0.0,3980.0,2
710,715,7,Blessé léger,Non determinable,58522009926679,322.0,0,20.0,800.0,917.0,2686.0,311.0,303,372,963.0,0.0,0.0,0.0,575480.0,290
711,733,10,Blessé léger,Non determinable,6255801070787,33.0,0,0.0,84.0,112.0,267.0,35.0,34,38,116.0,0.0,0.0,0.0,61362.0,31
712,749,13,Blessé léger,Non determinable,605400166723,1.0,0,0.0,20.0,6.0,19.0,4.0,4,4,5.0,0.0,0.0,0.0,5979.0,3
713,763,14,Blessé léger,Non determinable,605400107939,4.0,0,0.0,13.0,9.0,34.0,3.0,3,3,11.0,0.0,0.0,0.0,5903.0,3
714,823,30,Blessé léger,Non determinable,3834200625288,19.0,0,14.0,42.0,27.0,80.0,20.0,20,23,57.0,0.0,0.0,0.0,37856.0,19
715,834,31,Blessé léger,Non determinable,4439600867972,32.0,0,3.0,36.0,47.0,161.0,29.0,29,24,94.0,0.0,0.0,0.0,43865.0,22
716,847,32,Blessé léger,Non determinable,3228800700682,21.0,0,0.0,34.0,35.0,80.0,18.0,18,20,64.0,0.0,0.0,0.0,31743.0,16
717,859,33,Blessé léger,Non determinable,4439600952746,22.0,0,18.0,42.0,61.0,164.0,24.0,24,24,101.0,0.0,0.0,0.0,43703.0,22
718,873,34,Blessé léger,Non determinable,4439600912541,27.0,0,6.0,28.0,42.0,108.0,26.0,26,24,50.0,0.0,0.0,0.0,43669.0,22
719,887,36,Blessé léger,Non determinable,2421600174378,12.0,0,9.0,0.0,19.0,139.0,45.0,23,15,60.0,0.0,0.0,0.0,23848.0,12
720,895,37,Blessé léger,Non determinable,605400098059,3.0,97,0.0,4.0,15.0,9.0,3.0,3,3,11.0,0.0,0.0,0.0,5992.0,3
721,909,38,Blessé léger,Non determinable,403600070660,3.0,1,0.0,11.0,10.0,17.0,2.0,2,2,14.0,0.0,0.0,0.0,3995.0,2
722,932,99,Blessé léger,Non determinable,201800039734,1.0,0,0.0,2.0,1.0,0.0,1.0,1,2,0.0,0.0,0.0,0.0,1999.0,1
723,48,7,Indemne,Non determinable,807200138540,4.0,0,0.0,8.0,9.0,19.0,8.0,8,4,0.0,0.0,0.0,0.0,8064.0,4
724,296,7,Tué,Non determinable,605400047918,5.0,0,0.0,4.0,11.0,28.0,13.0,6,6,15.0,0.0,0.0,0.0,6034.0,3
725,313,10,Tué,Non determinable,201800056336,1.0,0,0.0,2.0,1.0,13.0,7.0,2,1,5.0,0.0,0.0,0.0,2014.0,1
726,407,37,Tué,Non determinable,201800056336,2.0,5,0.0,2.0,1.0,1.0,7.0,2,1,5.0,0.0,0.0,0.0,2014.0,1
727,467,7,Blessé hospitalisé,Non determinable,807200058428,4.0,0,21.0,4.0,4.0,28.0,23.0,8,5,18.0,0.0,0.0,0.0,8056.0,4
728,485,10,Blessé hospitalisé,Non determinable,201800022993,1.0,0,1.0,0.0,1.0,1.0,3.0,2,1,0.0,0.0,0.0,0.0,2012.0,1
729,521,15,Blessé hospitalisé,Non determinable,201800022993,1.0,0,0.0,2.0,4.0,23.0,3.0,2,1,0.0,0.0,0.0,0.0,2012.0,1
730,718,7,Blessé léger,Non determinable,1009000117424,7.0,0,0.0,10.0,15.0,19.0,13.0,9,6,27.0,0.0,0.0,0.0,10055.0,5
731,935,99,Blessé léger,Non determinable,201800014798,1.0,0,0.0,2.0,7.0,14.0,1.0,1,2,5.0,0.0,0.0,0.0,2009.0,1
732,51,7,Indemne,Non determinable,605400057283,5.0,0,1.0,5.0,9.0,17.0,2.0,5,4,18.0,0.0,0.0,0.0,5940.0,3
733,137,21,Indemne,Non determinable,403600024112,3.0,0,0.0,4.0,10.0,10.0,2.0,2,2,8.0,0.0,0.0,0.0,3964.0,2
734,186,33,Indemne,Non determinable,403600052792,2.0,0,0.0,4.0,4.0,15.0,2.0,2,2,9.0,0.0,0.0,0.0,3982.0,2
735,270,1,Tué,Non determinable,1816200097815,10.0,0,0.0,10.0,23.0,51.0,9.0,9,10,40.0,0.0,0.0,0.0,17749.0,9
736,298,7,Tué,Non determinable,2219800146548,12.0,0,0.0,45.0,18.0,24.0,6.0,21,12,51.0,5.0,6.0,7.0,21827.0,11
737,343,15,Tué,Non determinable,201800003533,1.0,0,0.0,2.0,3.0,1.0,1.0,1,1,5.0,0.0,0.0,0.0,1950.0,1
738,391,33,Tué,Non determinable,201800019461,1.0,0,0.0,2.0,1.0,13.0,1.0,1,1,5.0,0.0,0.0,0.0,1967.0,1
739,432,1,Blessé hospitalisé,Non determinable,4641400298587,22.0,0,21.0,46.0,61.0,72.0,23.0,23,26,88.0,0.0,0.0,0.0,45360.0,23
740,444,2,Blessé hospitalisé,Non determinable,605400028638,2.0,0,12.0,3.0,3.0,3.0,0.0,9,4,14.0,4.0,12.0,3.0,5920.0,3
741,470,7,Blessé hospitalisé,Non determinable,6457600474142,31.0,0,14.0,102.0,86.0,166.0,17.0,65,40,144.0,39.0,36.0,23.0,63069.0,32
742,487,10,Blessé hospitalisé,Non determinable,605400035265,2.0,0,0.0,3.0,9.0,3.0,0.0,9,3,14.0,3.0,10.0,3.0,5929.0,3
743,500,13,Blessé hospitalisé,Non determinable,201800001064,1.0,0,0.0,9.0,2.0,2.0,1.0,1,2,5.0,0.0,0.0,0.0,1991.0,1
744,511,14,Blessé hospitalisé,Non determinable,201800022714,1.0,0,0.0,2.0,2.0,1.0,1.0,1,1,1.0,0.0,0.0,0.0,2001.0,1
745,598,33,Blessé hospitalisé,Non determinable,201800003002,0.0,0,0.0,0.0,1.0,1.0,1.0,1,1,5.0,0.0,0.0,0.0,1994.0,1
746,631,37,Blessé hospitalisé,Non determinable,201800025210,2.0,20,0.0,0.0,0.0,7.0,2.0,2,2,3.0,0.0,0.0,0.0,1975.0,1
747,641,38,Blessé hospitalisé,Non determinable,201800006166,0.0,10,0.0,0.0,8.0,1.0,1.0,1,2,1.0,0.0,0.0,0.0,1976.0,1
748,662,99,Blessé hospitalisé,Non determinable,201800026240,1.0,0,0.0,2.0,1.0,2.0,1.0,1,1,5.0,0.0,0.0,0.0,1954.0,1
749,678,1,Blessé léger,Non determinable,4641400639100,19.0,0,1.0,54.0,73.0,152.0,23.0,23,26,81.0,0.0,0.0,0.0,45594.0,23
750,692,2,Blessé léger,Non determinable,201800015336,1.0,0,0.0,1.0,3.0,1.0,0.0,3,2,5.0,1.0,1.0,3.0,1960.0,1
751,721,7,Blessé léger,Non determinable,6659400829600,33.0,0,3.0,63.0,63.0,186.0,21.0,57,39,110.0,35.0,32.0,20.0,65535.0,33
752,738,10,Blessé léger,Non determinable,1009000149549,3.0,0,2.0,6.0,10.0,17.0,1.0,13,6,18.0,18.0,15.0,10.0,9988.0,5
753,752,13,Blessé léger,Non determinable,201800001131,2.0,0,0.0,1.0,3.0,0.0,0.0,3,1,2.0,3.0,3.0,1.0,1997.0,1
754,936,99,Blessé léger,Non determinable,403600095913,2.0,0,0.0,4.0,0.0,0.0,2.0,2,2,6.0,0.0,0.0,0.0,3981.0,2
755,12,1,Indemne,Non determinable,3430600549943,19.0,0,2.0,26.0,58.0,116.0,17.0,17,19,41.0,0.0,0.0,0.0,33688.0,17
756,25,2,Indemne,Non determinable,1210800142461,8.0,0,13.0,12.0,27.0,56.0,6.0,6,7,29.0,0.0,0.0,0.0,11878.0,6
757,36,3,Indemne,Non determinable,403600081352,4.0,0,0.0,0.0,18.0,20.0,9.0,4,3,10.0,0.0,0.0,0.0,4001.0,2
758,54,7,Indemne,Non determinable,17153002693753,97.0,0,112.0,164.0,254.0,814.0,91.0,90,103,242.0,0.0,0.0,0.0,167863.0,85
759,69,10,Indemne,Non determinable,1009000175247,8.0,0,0.0,16.0,17.0,61.0,5.0,5,5,8.0,0.0,0.0,0.0,9932.0,5
760,97,15,Indemne,Non determinable,201800040607,1.0,0,0.0,2.0,1.0,2.0,1.0,1,1,4.0,0.0,0.0,0.0,1981.0,1
761,116,17,Indemne,Non determinable,403600042201,3.0,0,0.0,2.0,10.0,48.0,2.0,2,2,5.0,0.0,0.0,0.0,3936.0,2
762,128,20,Indemne,Non determinable,201800032716,1.0,0,0.0,2.0,1.0,9.0,1.0,1,1,4.0,0.0,0.0,0.0,1976.0,1
763,139,21,Indemne,Non determinable,6255800424721,29.0,0,0.0,65.0,146.0,273.0,32.0,32,31,139.0,0.0,0.0,0.0,61353.0,31
764,151,30,Indemne,Non determinable,1412600104560,4.0,0,0.0,13.0,22.0,53.0,7.0,10,8,31.0,2.0,3.0,1.0,13914.0,7
765,163,31,Indemne,Non determinable,403600037959,1.0,0,1.0,3.0,9.0,3.0,2.0,2,2,13.0,0.0,0.0,0.0,3959.0,2
766,188,33,Indemne,Non determinable,3027000421960,17.0,0,1.0,28.0,38.0,122.0,15.0,15,17,60.0,0.0,0.0,0.0,29612.0,15
767,201,34,Indemne,Non determinable,807200130120,6.0,0,0.0,8.0,18.0,36.0,4.0,4,6,11.0,0.0,0.0,0.0,7902.0,4
768,216,36,Indemne,Non determinable,201800001357,0.0,0,0.0,0.0,9.0,16.0,2.0,2,2,5.0,0.0,0.0,0.0,2000.0,1
769,226,37,Indemne,Non determinable,807200154771,6.0,2,1.0,6.0,15.0,21.0,4.0,4,4,21.0,0.0,0.0,0.0,7920.0,4
770,244,39,Indemne,Non determinable,807200078688,8.0,65,0.0,6.0,22.0,4.0,5.0,5,4,16.0,0.0,0.0,0.0,7881.0,4
771,251,40,Indemne,Non determinable,403600086609,1.0,155,0.0,2.0,6.0,19.0,2.0,2,2,8.0,0.0,0.0,0.0,3943.0,2
772,262,99,Indemne,Non determinable,1210800211267,6.0,0,13.0,3.0,6.0,18.0,6.0,6,7,28.0,0.0,0.0,0.0,11830.0,6
773,273,1,Tué,Non determinable,2219800143228,4.0,0,30.0,11.0,40.0,70.0,11.0,14,12,50.0,2.0,3.0,1.0,21584.0,11
774,301,7,Tué,Non determinable,2421600114939,15.0,0,41.0,12.0,22.0,86.0,12.0,23,13,63.0,6.0,10.0,5.0,23652.0,12
775,316,10,Tué,Non determinable,403600031605,2.0,0,0.0,6.0,2.0,20.0,1.0,4,2,14.0,3.0,3.0,1.0,3918.0,2
776,332,14,Tué,Non determinable,201800026741,1.0,0,0.0,2.0,7.0,16.0,1.0,1,1,0.0,0.0,0.0,0.0,1981.0,1
777,344,15,Tué,Non determinable,201800001460,2.0,0,0.0,1.0,3.0,1.0,0.0,3,2,5.0,2.0,3.0,1.0,1961.0,1
778,373,21,Tué,Non determinable,201800000587,0.0,0,0.0,0.0,9.0,13.0,1.0,1,1,4.0,0.0,0.0,0.0,1968.0,1
779,413,38,Tué,Non determinable,201800003414,1.0,31,4.0,0.0,7.0,1.0,1.0,1,1,4.0,0.0,0.0,0.0,1948.0,1
780,423,99,Tué,Non determinable,605400101559,1.0,0,13.0,3.0,10.0,35.0,4.0,4,3,19.0,0.0,0.0,0.0,5926.0,3
781,435,1,Blessé hospitalisé,Non determinable,11099001084002,53.0,0,80.0,86.0,197.0,310.0,56.0,56,64,221.0,0.0,0.0,0.0,108627.0,55
782,446,2,Blessé hospitalisé,Non determinable,201800039638,1.0,0,0.0,1.0,1.0,19.0,1.0,1,1,9.0,0.0,0.0,0.0,2001.0,1
783,455,3,Blessé hospitalisé,Non determinable,201800040676,2.0,0,0.0,0.0,9.0,10.0,3.0,2,1,5.0,0.0,0.0,0.0,1999.0,1
784,473,7,Blessé hospitalisé,Non determinable,17960201977621,94.0,0,70.0,221.0,243.0,704.0,84.0,152,118,347.0,70.0,79.0,31.0,175599.0,89
785,489,10,Blessé hospitalisé,Non determinable,605400058873,2.0,0,0.0,5.0,9.0,20.0,10.0,6,3,12.0,5.0,4.0,1.0,5928.0,3
786,501,13,Blessé hospitalisé,Non determinable,201800010529,0.0,0,0.0,9.0,5.0,1.0,2.0,2,1,2.0,0.0,0.0,0.0,2003.0,1
787,559,21,Blessé hospitalisé,Non determinable,1009000057932,5.0,0,0.0,3.0,9.0,6.0,9.0,9,6,28.0,0.0,1.0,1.0,9893.0,5
788,568,30,Blessé hospitalisé,Non determinable,403600086048,2.0,0,0.0,11.0,3.0,17.0,2.0,2,3,0.0,0.0,0.0,0.0,3979.0,2
789,578,31,Blessé hospitalisé,Non determinable,807200159253,5.0,0,3.0,6.0,6.0,40.0,4.0,4,4,19.0,0.0,0.0,0.0,7916.0,4
790,600,33,Blessé hospitalisé,Non determinable,201800056572,1.0,0,0.0,2.0,1.0,1.0,1.0,1,1,5.0,0.0,0.0,0.0,1979.0,1
791,611,34,Blessé hospitalisé,Non determinable,403600088486,2.0,0,1.0,2.0,1.0,23.0,3.0,3,2,10.0,0.0,0.0,0.0,3996.0,2
792,621,36,Blessé hospitalisé,Non determinable,201800001357,0.0,0,0.0,0.0,9.0,16.0,2.0,2,2,5.0,0.0,0.0,0.0,2000.0,1
793,633,37,Blessé hospitalisé,Non determinable,807200106079,4.0,92,0.0,6.0,16.0,5.0,11.0,10,7,14.0,11.0,6.0,2.0,7913.0,4
794,643,38,Blessé hospitalisé,Non determinable,201800001023,1.0,1,0.0,2.0,2.0,1.0,1.0,1,1,5.0,0.0,0.0,0.0,2005.0,1
795,665,99,Blessé hospitalisé,Non determinable,3027000471851,17.0,0,0.0,33.0,37.0,111.0,16.0,16,16,41.0,0.0,0.0,0.0,29729.0,15
796,681,1,Blessé léger,Non determinable,9686401429542,53.0,0,21.0,94.0,178.0,355.0,48.0,48,61,190.0,0.0,0.0,0.0,95012.0,48
797,694,2,Blessé léger,Non determinable,201800042672,1.0,0,0.0,2.0,7.0,19.0,2.0,2,1,5.0,0.0,0.0,0.0,2000.0,1
798,706,3,Blessé léger,Non determinable,201800040676,2.0,0,0.0,0.0,9.0,10.0,6.0,2,1,5.0,0.0,0.0,0.0,2001.0,1
799,724,7,Blessé léger,Non determinable,20987203242837,115.0,0,90.0,261.0,292.0,942.0,113.0,156,143,350.0,56.0,57.0,25.0,205966.0,104
800,741,10,Blessé léger,Non determinable,2018000376462,14.0,0,14.0,25.0,29.0,58.0,25.0,16,14,36.0,0.0,0.0,0.0,19872.0,10
801,755,13,Blessé léger,Non determinable,201800048071,2.0,0,0.0,2.0,2.0,19.0,1.0,1,1,0.0,0.0,0.0,0.0,1997.0,1
802,770,14,Blessé léger,Non determinable,201800051134,2.0,0,1.0,2.0,6.0,1.0,2.0,2,2,3.0,0.0,0.0,0.0,1958.0,1
803,816,21,Blessé léger,Non determinable,403600021242,2.0,0,13.0,2.0,15.0,38.0,2.0,2,2,5.0,0.0,0.0,0.0,3907.0,2
804,827,30,Blessé léger,Non determinable,403600061890,1.0,0,0.0,4.0,8.0,15.0,2.0,2,2,4.0,0.0,0.0,0.0,4000.0,2
805,839,31,Blessé léger,Non determinable,1210800211372,7.0,0,0.0,11.0,13.0,81.0,7.0,7,7,30.0,0.0,0.0,0.0,11970.0,6
806,865,33,Blessé léger,Non determinable,1210800179381,4.0,0,8.0,14.0,17.0,66.0,6.0,6,6,6.0,0.0,0.0,0.0,11873.0,6
807,877,34,Blessé léger,Non determinable,403600051872,2.0,0,0.0,3.0,3.0,2.0,1.0,4,2,14.0,0.0,3.0,1.0,3918.0,2
808,901,37,Blessé léger,Non determinable,4036000545876,26.0,136,2.0,28.0,65.0,98.0,75.0,38,32,86.0,0.0,0.0,0.0,39494.0,20
809,939,99,Blessé léger,Non determinable,2623400459047,9.0,0,1.0,18.0,41.0,135.0,17.0,14,14,44.0,0.0,0.0,0.0,25821.0,13
