jour,mois,an,Num_Acc,hrmn,lum,agg,int,atm,col,com,lat,long,dep,count
1,1,18,21794403200929,115237,359,164,149,231.0,504.0,20147,477964955.0,57155994.0,61858,108
1,2,18,36324005562444,241987,424,301,368,408.0,763.0,33215,800563732.0,75309596.0,108351,180
1,3,18,20987202768789,126393,208,168,187,311.0,465.0,20553,461372658.0,36302720.0,57801,104
1,4,18,22601602996874,157178,242,178,218,135.0,494.0,25275,489107174.0,68610494.0,62395,112
1,5,18,23408803399606,158327,213,181,241,181.0,504.0,24147,515265533.0,53172254.0,65921,116
1,6,18,35113205246822,254434,260,289,334,287.0,658.0,30234,782596215.0,69895294.0,105926,174
1,7,18,33498804157965,216264,295,248,290,189.0,722.0,35564,751126536.0,72711404.0,92733,166
1,8,18,32086204224369,215874,224,256,328,195.0,637.0,29375,677590998.0,63511757.0,92451,159
1,9,18,34104204171924,228116,324,264,350,207.0,679.0,38996,751296083.0,79377236.0,98206,169
1,10,18,38745605971344,256597,285,322,363,280.0,797.0,36156,843883103.0,60863276.0,110950,192
1,11,18,28050203986893,162539,356,211,293,349.0,627.0,25293,620654402.0,65203603.0,81932,139
1,12,18,35920405317790,242148,504,275,382,333.0,818.0,37207,802284260.0,83833525.0,106728,178
2,1,18,22198002958016,164334,297,179,218,274.0,449.0,19565,483858165.0,32493080.0,63685,110
2,2,18,33700604864504,246300,375,280,305,266.0,677.0,32572,728818595.0,67599657.0,96536,167
2,3,18,29664604473317,215985,328,233,275,307.0,585.0,28281,609526079.0,83347423.0,85907,147
2,4,18,17556602302337,120080,165,136,170,121.0,387.0,18446,389609850.0,41399936.0,50645,87
2,5,18,30270004546065,209966,207,250,302,214.0,612.0,30141,692606470.0,58657705.0,90375,150
2,6,18,35315004507622,253161,257,272,349,211.0,698.0,31874,769680205.0,91186776.0,101377,175
2,7,18,36727605467107,256021,228,312,382,251.0,749.0,36113,827088914.0,95019367.0,106122,182
2,8,18,35113204658367,235806,262,276,357,234.0,672.0,32719,773243208.0,79911975.0,96002,174
2,9,18,33095204124085,223981,288,258,340,171.0,693.0,37142,751223409.0,56915162.0,83818,164
2,10,18,32893405015888,215213,303,286,340,267.0,669.0,25567,733304953.0,52538318.0,96108,163
2,11,18,31884404714528,230448,342,247,350,229.0,593.0,31982,722626531.0,48919318.0,93454,158
2,12,18,27848404406565,172700,445,215,301,316.0,628.0,22573,605046647.0,87932426.0,88060,138
3,1,18,21390803317100,149880,329,184,220,313.0,471.0,18446,479165609.0,27563893.0,65783,106
3,2,18,27243003590306,185684,352,218,245,274.0,563.0,22898,605971986.0,43201632.0,76344,135
3,3,18,24014203296592,169464,259,192,195,217.0,551.0,20272,514987394.0,60208499.0,67946,119
3,4,18,32691604780503,225354,250,277,392,292.0,648.0,26726,729094767.0,58236180.0,98711,162
3,5,18,28655604341353,202211,192,231,276,181.0,553.0,25840,633656196.0,67115580.0,87788,142
3,6,18,28857403507573,186423,243,225,305,219.0,641.0,31480,635232399.0,73863476.0,80181,143
3,7,18,34507805279248,236233,211,283,401,212.0,655.0,28597,791143940.0,71229793.0,105114,171
3,8,18,35920404334154,249791,261,287,388,203.0,713.0,36147,785160043.0,59135985.0,93304,178
3,9,18,29462804186275,205636,215,245,304,186.0,600.0,27522,637879362.0,52822355.0,81886,146
3,10,18,40360006051488,271254,358,331,469,328.0,872.0,36269,875431001.0,95400465.0,118011,200
3,11,18,29261003996351,200153,363,239,321,219.0,593.0,27799,647781435.0,56185633.0,83251,145
3,12,18,36525805746727,243855,430,296,390,421.0,773.0,35363,793730129.0,68334987.0,106696,181
4,1,18,23408803340449,168914,322,199,226,269.0,497.0,20309,499218565.0,47488750.0,66611,116
4,2,18,21996203288232,136467,301,167,209,188.0,521.0,19268,474073784.0,52520345.0,64953,109
4,3,18,24014203372429,161019,282,182,219,260.0,538.0,23114,534761652.0,48152508.0,65781,119
4,4,18,24821403730310,171140,184,206,252,251.0,490.0,24270,563408944.0,45548042.0,76701,123
4,5,18,39149206214345,281246,273,322,396,233.0,795.0,35878,863080637.0,86672474.0,125958,194
4,6,18,31682604423729,232648,214,258,293,252.0,641.0,29787,718194341.0,47611768.0,87477,157
4,7,18,42378006098058,295743,293,338,429,257.0,860.0,49583,945763898.0,94873372.0,122363,210
4,8,18,33095204298810,224000,293,259,297,229.0,681.0,34095,723898087.0,64063915.0,96376,164
4,9,18,36324005164645,249707,259,299,341,271.0,674.0,34311,760925721.0,78383167.0,104162,180
4,10,18,42983406454594,307492,357,368,470,283.0,860.0,40745,923184745.0,92566790.0,132498,213
4,11,18,23408803112620,142990,293,178,221,201.0,520.0,23217,500481829.0,69967987.0,63043,116
4,12,18,35315005331885,242555,450,290,383,329.0,740.0,34222,753693905.0,78620504.0,104468,175
5,1,18,30270004415108,223455,383,252,300,312.0,597.0,28898,678225913.0,48478147.0,86369,150
5,2,18,24821403956039,160603,239,211,256,333.0,568.0,23313,543292820.0,56546034.0,70104,123
5,3,18,24821403635846,158051,218,205,204,214.0,546.0,26883,559603228.0,41245080.0,68033,123
5,4,18,28453804236309,195871,217,240,319,187.0,584.0,23314,622800376.0,63843472.0,85286,141
5,5,18,43588805737160,305938,351,346,390,268.0,949.0,42753,958412823.0,105260861.0,123023,216
5,6,18,36727605471560,252735,273,308,365,373.0,747.0,37410,807808106.0,104361894.0,104210,182
5,7,18,36525805156934,258330,261,296,358,292.0,691.0,39911,826901543.0,85543969.0,101982,181
5,8,18,25426803322244,170196,226,192,224,174.0,538.0,27179,537051416.0,70455568.0,67763,126
5,9,18,32893404933610,231212,264,280,335,230.0,669.0,31105,701239394.0,98940593.0,101173,163
5,10,18,53477007774818,369130,466,449,486,343.0,1101.0,52892,1178105247.0,93291252.0,150060,265
5,11,18,28857404276967,212440,338,240,295,217.0,595.0,27164,634584355.0,69930899.0,83590,143
5,12,18,32893404768400,234545,401,274,310,285.0,648.0,27948,730511774.0,66584395.0,95194,163
6,1,18,20180002700613,148195,274,171,186,189.0,443.0,18296,468544725.0,31698684.0,58376,100
6,2,18,24014203541780,156710,265,198,200,347.0,503.0,22557,541335468.0,39229149.0,70926,119
6,3,18,27243004121639,176151,246,222,303,236.0,604.0,25922,601456116.0,43095154.0,81513,135
6,4,18,53073407709513,357370,446,445,535,336.0,1051.0,48372,1197669532.0,98740106.0,151626,263
6,5,18,33095204514150,223267,267,258,298,222.0,679.0,36339,726962310.0,80060069.0,95565,164
6,6,18,36929405530060,264836,262,310,385,353.0,758.0,37847,834898539.0,73066157.0,109178,183
6,7,18,40360005551025,294646,279,333,382,268.0,792.0,42359,874201239.0,98196699.0,113780,200
6,8,18,27243003498320,192393,183,210,273,196.0,577.0,26119,580743090.0,60823302.0,76568,135
6,9,18,37131205400439,252254,315,313,363,308.0,762.0,32353,819797561.0,77032080.0,101915,184
6,10,18,38947405657699,254665,408,318,462,274.0,788.0,37348,854098721.0,90194876.0,113843,193
6,11,18,39754606147372,288462,458,329,387,390.0,813.0,36272,871838852.0,102343828.0,122846,197
6,12,18,32893404987545,222217,436,263,295,342.0,691.0,35519,716158858.0,80500368.0,98103,163
7,1,18,18969202757293,104351,299,147,182,195.0,462.0,17805,427751948.0,50505904.0,56830,94
7,2,18,18162002231717,116377,168,157,145,198.0,411.0,14505,378299525.0,66218135.0,44790,90
7,3,18,25426804024909,175168,238,204,283,224.0,521.0,24792,560626245.0,65784779.0,78874,126
7,4,18,33297004509542,232789,322,262,340,220.0,690.0,31126,738219840.0,88746214.0,93604,165
7,5,18,34507805059004,251088,240,286,342,222.0,658.0,31376,783597351.0,78918362.0,106741,171
7,6,18,31884404802720,241781,210,266,305,249.0,588.0,30419,727400705.0,62693360.0,91309,158
7,7,18,38543805368875,242504,294,296,334,229.0,818.0,43184,843271545.0,92943212.0,111671,191
7,8,18,28857403684596,195373,244,229,282,189.0,557.0,26451,624724798.0,69545036.0,74225,143
7,9,18,42781605957641,292615,338,354,433,298.0,871.0,43975,949990774.0,94155559.0,119308,212
7,10,18,30875404598019,192559,374,238,274,302.0,726.0,31519,679723034.0,94826008.0,92286,153
7,11,18,36324005323511,242456,421,295,426,399.0,729.0,38698,810995217.0,79699714.0,108524,180
7,12,18,34709605155652,247709,437,290,353,366.0,675.0,32046,754904492.0,78797986.0,97325,172
8,1,18,27848403826781,195855,316,230,252,266.0,572.0,26616,588842736.0,55081182.0,73537,138
8,2,18,21390802683706,153233,227,176,183,229.0,436.0,18711,484265961.0,41740693.0,53169,106
8,3,18,29462804689178,187786,281,245,268,296.0,617.0,26797,623984214.0,107916371.0,91950,146
8,4,18,25628603262376,166343,257,202,233,203.0,545.0,25844,579847924.0,49566898.0,73371,127
8,5,18,24014203298337,167823,188,192,216,167.0,484.0,23449,535078016.0,59181683.0,70036,119
8,6,18,43790606617356,315366,299,352,446,293.0,855.0,44479,929110938.0,147264238.0,133752,217
8,7,18,33297004124263,205784,284,248,314,212.0,736.0,37136,739688929.0,79366898.0,83410,165
8,8,18,27444803564512,187366,209,225,291,163.0,556.0,23965,593047791.0,62175377.0,71307,136
8,9,18,35718604530096,251028,343,285,351,201.0,690.0,37469,789022030.0,85877023.0,99569,177
8,10,18,29462804384741,202216,261,244,279,230.0,609.0,26639,651649973.0,63065330.0,87440,146
8,11,18,34911405363965,243637,422,294,341,268.0,746.0,34280,760946120.0,79730264.0,102742,173
8,12,18,29664603768437,189817,420,232,296,323.0,653.0,27939,645471226.0,62194864.0,84502,147
9,1,18,31279004618407,208460,375,268,327,341.0,675.0,31574,654845818.0,71202254.0,88416,155
9,2,18,19776402416997,139530,265,168,165,259.0,421.0,19609,430025653.0,40552191.0,47609,98
9,3,18,30270004685397,210385,310,247,280,264.0,616.0,31629,684335800.0,63969808.0,93885,150
9,4,18,27444804428150,193614,218,228,268,258.0,564.0,23950,597882929.0,86146758.0,90115,136
9,5,18,34507805273382,253015,264,290,360,212.0,728.0,33322,763308127.0,69983522.0,101228,171
9,6,18,33700604140775,213200,302,275,305,227.0,691.0,34989,749434732.0,65455450.0,91558,167
9,7,18,37938405321355,250398,248,299,350,256.0,780.0,39234,840937452.0,72586270.0,109791,188
9,8,18,21794403098561,147224,179,171,197,217.0,431.0,23700,456044596.0,77019436.0,58499,108
9,9,18,27848403572806,171944,274,219,259,144.0,625.0,27863,613407742.0,41562466.0,76316,138
9,10,18,38745605885090,258056,351,324,427,240.0,761.0,37493,847205271.0,77517396.0,111907,192
9,11,18,36727605440092,253771,470,309,326,283.0,741.0,39641,827483530.0,79329726.0,105625,182
9,12,18,25426803624837,163630,390,205,244,277.0,554.0,26563,547188862.0,71372852.0,76185,126
10,1,18,33297004870405,222839,394,282,288,307.0,743.0,39255,722430087.0,71024594.0,92779,165
10,2,18,24619603586248,174872,329,206,224,261.0,519.0,25184,528343954.0,63337000.0,72806,122
10,3,18,26435803974128,167025,293,213,258,192.0,575.0,21105,591457475.0,46246888.0,75357,131
10,4,18,28252004376252,193171,207,239,311,233.0,564.0,24520,619709507.0,76719301.0,89977,140
10,5,18,22399803116511,158934,191,185,199,156.0,485.0,20488,502644488.0,39967604.0,67138,111
10,6,18,30270003585148,198252,250,235,273,241.0,650.0,25762,669948090.0,67161622.0,81828,150
10,7,18,43992406329038,324881,376,354,439,242.0,884.0,40861,988270973.0,88029941.0,125984,218
10,8,18,31077204188136,215994,261,245,326,186.0,655.0,30385,659772394.0,91240515.0,83978,154
10,9,18,31884404115914,207904,216,263,297,184.0,599.0,30000,698795852.0,84193111.0,80316,158
10,10,18,41570806111770,276143,334,342,491,330.0,831.0,42554,854168408.0,114945894.0,127027,206
10,11,18,35516805040846,246315,462,293,340,370.0,756.0,36906,778980403.0,60642810.0,105832,176
10,12,18,32691604648706,211768,380,254,303,263.0,704.0,34331,716194866.0,77283010.0,94035,162
11,1,18,35516804927517,235703,416,302,342,328.0,741.0,30404,782321870.0,76192411.0,100301,176
11,2,18,19978202624183,120053,276,158,190,212.0,467.0,19038,428179084.0,60975046.0,52332,99
11,3,18,19574602872101,110470,240,148,190,180.0,404.0,22600,427733266.0,56003617.0,56313,97
11,4,18,33095205047295,222733,260,264,331,241.0,675.0,31038,737257588.0,87266472.0,99568,164
11,5,18,33902404475117,242629,255,277,349,206.0,688.0,30146,763426435.0,58731242.0,94076,168
11,6,18,25830404223638,174599,169,224,267,301.0,542.0,23186,564375822.0,73467871.0,84740,128
11,7,18,38543805414176,258760,297,307,319,222.0,723.0,35163,858907566.0,92474527.0,104807,191
11,8,18,28453803495547,193633,269,223,275,155.0,559.0,29713,622053937.0,64840902.0,74516,141
11,9,18,47221206940882,323352,344,393,459,316.0,968.0,42764,993261561.0,107757296.0,138073,234
11,10,18,50651807616460,343584,441,414,600,468.0,1068.0,50071,1097881068.0,102917004.0,156729,251
11,11,18,27444804224868,177418,379,213,265,276.0,639.0,24731,611837112.0,43216486.0,83227,136
11,12,18,36122205032125,242183,425,299,375,326.0,734.0,37398,809014435.0,55171132.0,100346,179
12,1,18,34911404971746,248983,459,297,350,310.0,724.0,38059,784058416.0,63504298.0,99573,173
12,2,18,30673604646892,187330,311,257,318,354.0,670.0,27541,693131892.0,55036618.0,90169,152
12,3,18,30471804417300,203849,248,249,298,255.0,625.0,31383,651925058.0,68755874.0,85843,151
12,4,18,37938405659638,260625,292,306,336,347.0,813.0,32976,841595790.0,71155931.0,112049,188
12,5,18,27243003245123,180533,228,219,265,242.0,583.0,24131,591973528.0,75809221.0,75156,135
12,6,18,33902405106835,233022,218,281,349,269.0,695.0,27002,748449923.0,63088489.0,97297,168
12,7,18,39351005479667,282914,287,325,404,237.0,746.0,35910,850150173.0,98079415.0,113512,195
12,8,18,27646603305614,172399,256,208,258,209.0,630.0,28335,596408146.0,70078265.0,71238,137
12,9,18,38745605802882,259787,316,320,373,227.0,818.0,36031,826869135.0,83709456.0,115878,192
12,10,18,47423007078980,324961,407,385,540,336.0,928.0,48083,1016943583.0,126740434.0,140650,235
12,11,18,34709605635213,238966,414,285,338,334.0,731.0,31017,759890435.0,76714757.0,114122,172
12,12,18,34911405374501,243105,428,283,326,311.0,718.0,32024,785241037.0,74485532.0,104475,173
13,1,18,26637603740384,193185,321,215,236,224.0,541.0,25441,609168774.0,38557744.0,76832,132
13,2,18,30875404552810,196678,308,268,322,312.0,670.0,28997,689302649.0,59410862.0,85580,153
13,3,18,27646604158502,186924,251,226,245,228.0,540.0,26126,582250883.0,87026770.0,83764,137
13,4,18,37736605788347,267777,292,305,375,261.0,734.0,32393,847629617.0,97723491.0,116192,187
13,5,18,20381802722413,140348,188,158,174,245.0,417.0,19741,448776945.0,55424318.0,56915,101
13,6,18,32893404817611,223592,216,274,312,237.0,666.0,32694,742395651.0,74253155.0,96701,163
13,7,18,39552804982370,275815,288,312,412,235.0,782.0,37986,866433566.0,84488520.0,106001,196
13,8,18,24417803220319,171504,197,186,247,217.0,513.0,24962,506077231.0,49961136.0,65185,121
13,9,18,35718605173813,246148,282,295,354,291.0,728.0,32791,796155178.0,48006205.0,101696,177
13,10,18,39754605290777,271013,423,324,485,273.0,794.0,40912,857229126.0,99340086.0,109587,197
13,11,18,35920405613025,246057,399,299,361,270.0,711.0,34191,778775721.0,86734044.0,110002,178
13,12,18,37938405803208,258910,474,317,396,366.0,818.0,37499,819144577.0,70908098.0,110880,188
14,1,18,22198003087983,140161,286,165,191,167.0,487.0,18803,483394301.0,43996378.0,65181,110
14,2,18,23610603510092,171081,278,204,233,248.0,483.0,21126,529218604.0,57617854.0,68442,117
14,3,18,30270004463420,190023,262,253,285,183.0,635.0,31104,660513654.0,84597950.0,84678,150
14,4,18,31077204230180,205802,304,246,281,259.0,666.0,25805,688523853.0,79203306.0,93645,154
14,5,18,33700604845755,221829,236,271,331,371.0,636.0,33121,748523692.0,76318205.0,97366,167
14,6,18,36727606027512,237673,267,299,416,252.0,740.0,32991,825403019.0,86132110.0,116157,182
14,7,18,32893404132580,211302,290,244,258,207.0,684.0,34458,732278712.0,89932260.0,90710,163
14,8,18,30068203745487,213702,245,237,295,173.0,610.0,26927,643848754.0,76042472.0,77640,149
14,9,18,43185206439205,298473,372,362,437,258.0,877.0,41764,929256950.0,71553343.0,128483,214
14,10,18,23207003014617,149141,232,183,217,169.0,525.0,26307,516655001.0,48918764.0,60728,115
14,11,18,32086205258813,206856,348,264,320,213.0,691.0,29827,698424281.0,85979333.0,100439,159
14,12,18,39149205490866,291273,521,308,390,300.0,825.0,38893,828229591.0,113326240.0,110549,194
15,1,18,24619603710967,165638,338,209,259,257.0,526.0,20509,539617587.0,36333399.0,73337,122
15,2,18,26637603921393,162638,278,219,267,250.0,561.0,25095,599242955.0,52540197.0,78296,132
15,3,18,33297004937266,236565,319,261,287,288.0,680.0,29664,715696865.0,80435163.0,96826,165
15,4,18,26637603400331,160224,260,204,254,168.0,564.0,26716,597228228.0,64189299.0,75291,132
15,5,18,34709605073307,249532,246,287,430,270.0,716.0,30483,749305789.0,90417320.0,98439,172
15,6,18,42579805984475,313563,315,352,382,261.0,866.0,38195,929470000.0,98431435.0,118595,211
15,7,18,37131204695394,275054,356,291,317,227.0,862.0,39762,841377708.0,82026013.0,103712,184
15,8,18,24619602817082,164182,210,184,210,157.0,556.0,22151,542175088.0,50082693.0,65716,122
15,9,18,39754605515861,275589,386,320,421,239.0,828.0,39575,868767734.0,68924973.0,117660,197
15,10,18,35718605165100,246997,354,307,383,265.0,749.0,32888,783402815.0,76525759.0,106188,177
15,11,18,33902405030720,238487,383,289,372,395.0,703.0,29394,717024992.0,62362530.0,97932,168
15,12,18,28655604173738,192553,412,226,234,318.0,642.0,28272,606307192.0,75581213.0,84308,142
16,1,18,33498805229976,222880,439,284,284,380.0,733.0,32160,748001564.0,73776940.0,103963,166
16,2,18,36122205195762,239139,370,296,373,278.0,754.0,36521,789138453.0,71123264.0,102275,179
16,3,18,34306004871504,240759,307,291,331,276.0,663.0,32692,754981388.0,76223395.0,93416,170
16,4,18,29866404217971,208777,211,240,288,190.0,582.0,26023,652858631.0,76517458.0,86875,148
16,5,18,30068204520369,210152,202,252,308,188.0,611.0,27180,691111424.0,48551798.0,86799,149
16,6,18,38745605356221,273596,304,310,423,222.0,761.0,33731,874215751.0,98229915.0,107842,192
16,7,18,31884404442033,192594,283,254,284,228.0,633.0,31847,721324601.0,78571658.0,93706,158
16,8,18,28655603690773,191696,222,234,257,197.0,606.0,26333,621433115.0,72487088.0,77418,142
16,9,18,29866404040047,198660,318,218,261,173.0,683.0,29418,656841363.0,63480129.0,81758,148
16,10,18,40561806245483,277630,341,339,443,285.0,816.0,36539,892869638.0,85821617.0,129405,201
16,11,18,41570806331996,285110,515,343,427,481.0,833.0,39319,917788239.0,83139014.0,117059,206
16,12,18,27848404156454,172151,402,217,300,393.0,623.0,24585,589144962.0,71190768.0,79785,138
17,1,18,30270004320298,211571,351,257,275,325.0,652.0,29883,672171256.0,62663363.0,89877,150
17,2,18,27646603813329,206806,312,222,240,202.0,578.0,25749,603391277.0,50830975.0,79664,137
17,3,18,26637603558247,176667,306,208,268,263.0,549.0,25517,608357664.0,49571107.0,72300,132
17,4,18,35315005230394,257782,223,294,306,238.0,707.0,32844,779035218.0,89819165.0,101273,175
17,5,18,33095204852103,229686,206,285,297,209.0,662.0,31350,736631374.0,70229774.0,98662,164
17,6,18,30875403744599,197119,277,243,333,162.0,687.0,32143,700460454.0,52523687.0,82531,153
17,7,18,28252004070848,217262,187,229,252,159.0,584.0,26060,630469143.0,49661160.0,81783,140
17,8,18,25023203157075,171771,192,200,279,185.0,521.0,27105,524441270.0,76549096.0,65754,124
17,9,18,37131205678438,259228,297,318,370,227.0,750.0,36372,822043293.0,62749076.0,108325,184
17,10,18,39552806337425,269868,348,334,400,252.0,802.0,37398,887653889.0,84688169.0,121788,196
17,11,18,35315004830620,234968,424,287,347,299.0,788.0,35575,775003167.0,103020056.0,99446,175
17,12,18,35920405212169,238790,434,282,380,427.0,747.0,38359,785688489.0,94879201.0,100425,178
18,1,18,34104204874630,216097,421,288,332,365.0,775.0,34121,758476303.0,59729982.0,101572,169
18,2,18,21996202853583,134943,259,170,220,212.0,489.0,24740,482442725.0,50960078.0,60281,109
18,3,18,21390803154930,131481,244,175,159,239.0,458.0,20838,466845299.0,52938028.0,58439,106
18,4,18,39754605696556,281678,278,326,426,258.0,840.0,39732,888811845.0,75973411.0,115478,197
18,5,18,49441007502387,342160,352,403,492,293.0,1009.0,46834,1116628200.0,98589860.0,149714,245
18,6,18,35113205278879,249057,243,285,300,220.0,708.0,33157,774372203.0,65268971.0,104381,174
18,7,18,31279004551228,225454,247,253,316,181.0,628.0,29176,685088804.0,72307449.0,88539,155
18,8,18,28453803621127,192586,236,214,247,167.0,599.0,27275,601853706.0,87556642.0,74046,141
18,9,18,37938405742308,253203,309,319,421,244.0,713.0,36164,828559989.0,83715005.0,119112,188
18,10,18,36727605049009,240386,354,301,350,238.0,731.0,33547,842993536.0,65189773.0,105430,182
18,11,18,25426803546680,165746,304,207,269,159.0,539.0,23612,568881897.0,60534436.0,70545,126
18,12,18,36122205415738,238832,451,299,375,411.0,774.0,34212,788679177.0,70166756.0,106861,179
19,1,18,39351005960523,277716,468,329,361,403.0,832.0,36627,867016145.0,73948498.0,116889,195
19,2,18,24821403648240,178836,282,208,244,236.0,528.0,25826,560584789.0,57350169.0,71537,123
19,3,18,23610603391575,143535,213,187,233,270.0,470.0,23276,526767386.0,58141201.0,70231,117
19,4,18,40763606023293,281076,315,334,467,264.0,809.0,34991,906760958.0,90084516.0,118551,202
19,5,18,31884404391310,214992,281,258,292,211.0,637.0,26581,718154973.0,73782230.0,91347,158
19,6,18,37534805625208,268242,255,316,367,244.0,741.0,31787,845118978.0,82355614.0,109473,186
19,7,18,32489804530627,232234,242,265,337,189.0,682.0,30339,705006211.0,78222669.0,92996,161
19,8,18,26637603066686,167619,229,197,215,147.0,550.0,25826,594763975.0,50498317.0,67754,132
19,9,18,35920405307142,253326,270,297,402,208.0,695.0,37183,799531526.0,66035681.0,107386,178
19,10,18,45203206861228,320122,455,383,506,275.0,903.0,38751,998884698.0,103776401.0,132490,224
19,11,18,34104205385644,240310,411,297,361,319.0,702.0,30666,720647783.0,70889110.0,102927,169
19,12,18,32893404746589,230241,417,275,326,412.0,663.0,28452,710722326.0,68616663.0,89399,163
20,1,18,29059204178553,207968,402,225,214,295.0,627.0,28757,622869724.0,53977439.0,81532,144
20,2,18,22803403274038,152356,220,189,230,235.0,466.0,21709,492351173.0,64609836.0,68258,113
20,3,18,21592603223460,146353,197,175,199,183.0,416.0,18661,482033258.0,50986188.0,60758,107
20,4,18,42579806249419,312886,364,351,415,287.0,879.0,42136,973998240.0,70824925.0,126502,211
20,5,18,31682604094708,219346,271,237,292,201.0,698.0,28094,682733175.0,62221161.0,87479,157
20,6,18,39149205664114,276805,255,332,395,253.0,769.0,35301,888066875.0,57699177.0,118966,194
20,7,18,36525805560205,256947,296,296,365,266.0,763.0,32407,775762391.0,83091925.0,110554,181
20,8,18,28252003890676,195727,226,222,312,179.0,546.0,29460,606232707.0,68269835.0,75342,140
20,9,18,42378006209324,296069,341,347,430,235.0,844.0,44533,936733244.0,93156777.0,124147,210
20,10,18,34911404745633,232001,365,280,336,234.0,729.0,33678,788921805.0,65634380.0,102180,173
20,11,18,34709605546927,243416,465,296,374,380.0,719.0,33216,780977595.0,55518397.0,108385,172
20,12,18,36929405357906,256564,465,312,374,326.0,776.0,36197,827222199.0,52967784.0,104090,183
21,1,18,21189003171408,139999,316,173,214,213.0,483.0,19262,471688444.0,38036834.0,65785,105
21,2,18,24619603645736,167987,243,203,262,173.0,490.0,23584,546252124.0,57008662.0,69557,122
21,3,18,26435803949433,172465,235,218,252,164.0,555.0,26157,588415439.0,73266007.0,78061,131
21,4,18,40965405529142,282899,346,322,425,262.0,827.0,41609,919847067.0,84980624.0,118394,203
21,5,18,23610603083421,172162,193,180,174,139.0,503.0,23193,519427584.0,63759685.0,67945,117
21,6,18,43387005859039,312513,295,360,427,264.0,867.0,39262,992014555.0,66707692.0,119188,215
21,7,18,29866403853076,202200,242,226,290,160.0,627.0,28689,669329311.0,61002092.0,76887,148
21,8,18,27444803797909,185858,204,219,304,157.0,556.0,26182,565944252.0,64774662.0,79514,136
21,9,18,48432007351990,322462,420,406,513,390.0,1023.0,48487,1069295864.0,105207064.0,140200,240
21,10,18,31884404356286,208179,331,232,277,224.0,733.0,30722,677152557.0,80313879.0,88912,158
21,11,18,29462803972429,201609,341,245,302,323.0,611.0,27142,626591776.0,59562491.0,79376,146
21,12,18,52064407623212,360865,743,421,528,553.0,1096.0,51195,1137962191.0,111107649.0,148661,258
22,1,18,31077205164400,200561,362,263,273,339.0,657.0,27360,703625087.0,55836275.0,97059,154
22,2,18,25023203420848,172450,225,199,235,210.0,482.0,22525,561301308.0,43979985.0,73166,124
22,3,18,24821403698657,155350,208,209,217,159.0,491.0,22501,549811802.0,60583322.0,70668,123
22,4,18,33902404604113,228700,297,266,328,223.0,736.0,31846,757503545.0,71387555.0,96716,168
22,5,18,39149205754333,279649,280,333,390,307.0,794.0,32988,882990298.0,85157880.0,115321,194
22,6,18,50046407697342,346100,388,400,485,291.0,980.0,46277,1132589560.0,77296199.0,147281,248
22,7,18,27646603220993,166931,277,207,232,190.0,541.0,30174,612998991.0,59831041.0,70972,137
22,8,18,22399803273913,171743,199,182,220,129.0,450.0,20864,494706482.0,51779182.0,65873,111
22,9,18,34507804854268,243471,347,288,361,260.0,782.0,35095,757312412.0,64204698.0,99196,171
22,10,18,33297004736759,217861,296,286,304,246.0,680.0,27699,707798171.0,91150669.0,97299,165
22,11,18,29664604880389,198905,379,255,298,362.0,616.0,25854,635455577.0,65680211.0,95804,147
22,12,18,32288004924725,206320,486,263,284,304.0,685.0,31286,688941756.0,103075043.0,100727,160
23,1,18,27243003776569,187707,344,232,268,286.0,540.0,25176,577500647.0,48839846.0,75742,135
23,2,18,31480804396208,218176,326,257,285,197.0,641.0,33122,699227585.0,58618747.0,88303,156
23,3,18,32288004468789,216273,290,255,293,309.0,664.0,27200,714589095.0,68087091.0,87596,160
23,4,18,27041203766195,194119,192,229,265,147.0,567.0,26213,617882154.0,39249759.0,75393,134
23,5,18,32086204413035,216135,197,271,365,202.0,633.0,28923,728432090.0,52585861.0,87647,159
23,6,18,41369005480887,283685,356,331,398,263.0,855.0,42334,911008480.0,96779992.0,115072,205
23,7,18,28453804052495,192869,213,229,339,178.0,578.0,25459,635421592.0,62750275.0,80177,141
23,8,18,26839403645287,181350,221,216,274,163.0,556.0,21611,583782688.0,64647508.0,70547,133
23,9,18,31077204326991,190444,335,237,299,261.0,661.0,34190,682148489.0,66037727.0,86913,154
23,10,18,38342005629475,262792,372,316,378,220.0,727.0,31104,847493134.0,87320162.0,107278,190
23,11,18,40763606024426,299830,526,323,435,506.0,836.0,36769,885277504.0,103515331.0,121809,202
23,12,18,23005203538270,159124,365,182,224,255.0,524.0,23290,483518395.0,65091953.0,72635,114
24,1,18,33700604845144,222957,394,287,290,319.0,699.0,30170,736831753.0,75511001.0,94702,167
24,2,18,19574602776033,135382,226,158,158,131.0,436.0,17811,438526436.0,25664530.0,54431,97
24,3,18,29261004157636,204263,306,242,261,203.0,608.0,28451,655212550.0,54193662.0,85253,145
24,4,18,37736605335135,271263,277,304,392,272.0,782.0,32819,852908834.0,53159515.0,105525,187
24,5,18,35718605443907,249624,242,296,348,206.0,730.0,32469,779919722.0,97608875.0,106958,177
24,6,18,34709604223932,217030,295,266,329,219.0,738.0,35996,772693571.0,57252365.0,98727,172
24,7,18,31077204239409,219802,215,245,316,206.0,599.0,31500,661357528.0,56047795.0,87424,154
24,8,18,29866404480952,194023,222,240,313,204.0,622.0,26451,660094727.0,79502634.0,86025,148
24,9,18,37131205385452,262233,270,310,386,247.0,779.0,36934,810673502.0,77839121.0,109396,184
24,10,18,28252003832960,192123,255,224,309,193.0,586.0,26731,617499055.0,72122775.0,76072,140
24,11,18,27646603944582,174381,371,232,238,326.0,617.0,29358,592805848.0,70784253.0,77652,137
24,12,18,23005203548764,146316,291,182,225,228.0,515.0,18417,478592722.0,88923967.0,67595,114
25,1,18,33498805355049,219137,425,272,292,305.0,692.0,30408,728298396.0,66025275.0,96222,166
25,2,18,21592602861786,125707,227,160,216,167.0,456.0,23963,468078809.0,68957370.0,60279,107
25,3,18,24014203210554,154487,255,191,229,157.0,513.0,22798,554102998.0,43813556.0,67968,119
25,4,18,33498804764040,240430,261,281,321,206.0,670.0,27746,751029508.0,65938910.0,100443,166
25,5,18,48028407317435,325960,343,400,439,374.0,974.0,45081,1061152823.0,125323110.0,142841,238
25,6,18,40561805765222,275796,258,335,374,257.0,799.0,34658,882509879.0,89074999.0,116397,201
25,7,18,30875403826080,206141,206,243,287,202.0,620.0,29200,679123715.0,65440009.0,81471,153
25,8,18,28050203718058,196718,264,217,242,202.0,582.0,29614,599257301.0,61296193.0,73712,139
25,9,18,44597806452068,305674,334,375,453,293.0,854.0,36339,966451121.0,77660877.0,132369,221
25,10,18,34911404552137,242406,352,283,405,260.0,724.0,34878,787785837.0,66545291.0,93300,173
25,11,18,29664604627252,175844,418,232,302,331.0,673.0,28420,663317902.0,49461445.0,94414,147
25,12,18,14731402389018,92647,193,116,156,104.0,303.0,14167,324159227.0,46730274.0,46615,73
26,1,18,37938405454165,266352,433,321,377,339.0,787.0,36560,841748489.0,69835300.0,101631,188
26,2,18,17354802729940,114778,153,148,181,151.0,386.0,13769,401302999.0,27316702.0,55405,86
26,3,18,23005203511471,149798,172,195,225,160.0,434.0,17165,504434242.0,62588878.0,65940,114
26,4,18,33095204617725,235687,225,266,305,222.0,646.0,32769,726808867.0,86988602.0,91530,164
26,5,18,34709604782598,235139,281,285,316,264.0,760.0,36427,788056924.0,79509559.0,99344,172
26,6,18,45203206769948,302741,295,375,448,330.0,858.0,46971,1020336311.0,90924106.0,130103,224
26,7,18,36122204728534,253572,233,294,328,251.0,750.0,34885,791683504.0,71104143.0,97961,179
26,8,18,27041203254416,171395,279,202,259,195.0,573.0,25540,584948066.0,78507896.0,73323,134
26,9,18,37534805438952,261761,286,320,377,228.0,781.0,35138,838613190.0,64353305.0,107259,186
26,10,18,37938405787505,275490,431,307,379,332.0,758.0,34618,813684197.0,83090325.0,119805,188
26,11,18,26234004224906,172052,352,223,221,280.0,544.0,23418,575104799.0,63947992.0,81836,130
26,12,18,22399803250609,155810,245,184,269,149.0,455.0,20878,478786214.0,68714565.0,59964,111
27,1,18,25830403868341,169860,342,205,236,258.0,567.0,22001,550726228.0,62996949.0,74164,128
27,2,18,21794403107648,147303,215,181,190,188.0,456.0,16530,496448342.0,46151363.0,58678,108
27,3,18,25225004271853,173059,207,218,236,224.0,541.0,20731,572568634.0,49126411.0,81749,125
27,4,18,37131205355545,271932,330,311,399,255.0,719.0,35054,839887681.0,62170708.0,110338,184
27,5,18,27848403807085,185973,252,222,310,207.0,611.0,30756,622520264.0,67858327.0,82608,138
27,6,18,47624806906073,328660,287,389,446,301.0,962.0,50182,1090720316.0,90730481.0,144644,236
27,7,18,35920404744941,252233,278,280,351,236.0,729.0,34465,804463403.0,71203353.0,102894,178
27,8,18,27041203870161,187967,199,217,228,193.0,517.0,24689,583048533.0,78954550.0,74487,134
27,9,18,41974406204228,287785,331,359,430,274.0,808.0,39871,931707141.0,86042288.0,122087,208
27,10,18,34709604929747,234699,418,295,341,341.0,749.0,35584,740248334.0,89186857.0,99677,172
27,11,18,29261004243935,206515,380,240,275,279.0,596.0,26898,618138713.0,56048646.0,85537,145
27,12,18,22198003150661,156059,304,183,256,230.0,497.0,24757,482754426.0,54483180.0,64361,110
28,1,18,24014203127803,142555,319,188,206,243.0,523.0,25978,527013453.0,49912585.0,68547,119
28,2,18,19171002491975,123211,163,153,184,186.0,402.0,17500,423284111.0,47336622.0,49980,95
28,3,18,31480804762123,204674,247,268,287,287.0,664.0,28592,682490749.0,64618720.0,87013,156
28,4,18,30068204040141,195334,303,241,314,199.0,673.0,28867,675028125.0,72063461.0,83549,149
28,5,18,32086204894787,222094,199,273,278,276.0,628.0,33911,721315550.0,62582718.0,97821,159
28,6,18,41167205985268,284562,263,340,385,303.0,821.0,35702,921878019.0,80032148.0,118310,204
28,7,18,27646603771597,194562,225,223,238,228.0,568.0,26217,604671705.0,83871603.0,79247,137
28,8,18,29462804423242,204235,240,252,282,170.0,540.0,27246,655960812.0,57227370.0,87606,146
28,9,18,44194206218505,305929,392,351,481,315.0,886.0,40404,948678878.0,108966723.0,124222,219
28,10,18,26032203652844,157857,359,203,222,266.0,578.0,23886,568502668.0,44701832.0,74897,129
28,11,18,34306005045030,231881,411,282,322,313.0,707.0,36021,743863273.0,53854709.0,98699,170
28,12,18,23207003165645,162944,277,184,242,250.0,514.0,23325,493819685.0,62740394.0,64181,115
29,1,18,27444804018260,185031,300,226,248,243.0,539.0,23420,600882226.0,60079750.0,83474,136
29,3,18,29664604522584,205691,235,242,303,209.0,595.0,26388,666131131.0,52575171.0,89694,147
29,4,18,24619603856536,165383,248,195,218,276.0,555.0,22738,549494280.0,54878701.0,76126,122
29,5,18,36324005640147,255012,243,307,346,346.0,760.0,34459,822183461.0,61881568.0,107548,180
29,6,18,45001406536090,327261,324,381,453,289.0,931.0,41889,998117659.0,101535775.0,135309,223
29,7,18,26637603200337,164299,230,209,229,187.0,596.0,29610,604711086.0,65159493.0,73067,132
29,8,18,25023203357286,160592,190,197,221,212.0,511.0,24194,549637821.0,60506654.0,71888,124
29,9,18,36122204695331,244176,349,284,377,233.0,706.0,31607,794279594.0,78116034.0,105934,179
29,10,18,30471804227384,212904,346,241,271,372.0,637.0,31279,679864403.0,67964547.0,85368,151
29,11,18,31480804795444,208031,380,261,297,306.0,663.0,30562,675862502.0,76734072.0,94878,156
29,12,18,21794402717302,137131,305,170,230,156.0,451.0,21128,484075854.0,34720936.0,60943,108
30,1,18,28857404454095,202335,316,243,261,309.0,593.0,26639,651848992.0,54335424.0,87842,143
30,3,18,32893404938956,229717,317,274,292,292.0,628.0,26185,757409731.0,40445928.0,91538,163
30,4,18,28655604558514,206489,243,239,263,261.0,631.0,24976,626190249.0,76664928.0,90567,142
30,5,18,34709605076269,234186,250,282,324,285.0,743.0,34234,761800196.0,81246283.0,99694,172
30,6,18,39149205237067,254113,313,304,346,256.0,751.0,39464,860966437.0,97555422.0,115745,194
30,7,18,25225003562668,173263,184,203,264,172.0,505.0,23094,543816586.0,63474128.0,70195,125
30,8,18,26637603442432,192463,219,207,268,199.0,507.0,21046,588052828.0,53960619.0,69121,132
30,9,18,31682604371292,197981,335,242,323,178.0,689.0,30944,703085572.0,58066475.0,88427,157
30,10,18,36727605472131,248072,362,304,382,387.0,744.0,31247,825546488.0,58728282.0,109424,182
30,11,18,47019406737643,337650,589,379,472,447.0,967.0,48588,1022091902.0,110903950.0,130958,233
30,12,18,17556602756189,120990,247,129,158,195.0,370.0,16605,377974386.0,58482825.0,52674,87
31,1,18,26234004530399,176252,299,233,273,277.0,546.0,22213,594236891.0,62156663.0,81821,130
31,3,18,27646603862631,189810,256,224,266,209.0,589.0,26349,593193881.0,81332467.0,78246,137
31,5,18,36122205320288,239007,240,292,344,301.0,727.0,33559,829459957.0,74412705.0,104116,179
31,7,18,32489804603643,220369,223,268,330,224.0,641.0,28396,683486944.0,79573631.0,89837,161
31,8,18,34911404411672,259700,289,280,379,207.0,685.0,33660,778541058.0,57035096.0,89323,173
31,10,18,35516805370657,260344,446,286,355,366.0,735.0,32980,783618066.0,64238949.0,107042,176
31,12,18,18969202746695,139067,249,151,163,214.0,398.0,18457,425622131.0,45692199.0,53591,94
